date,label,daily_pnl_usd,tp_hit,sl_hit,trades_count,anchor_price_10am,atr14_m5,atr_ratio_20d,morning_range_pts,morning_trend_pts,directional_intensity,range_to_atr_ratio,trend_to_atr_ratio,morning_vol_std,day_of_week
2020-01-02,trade,4.6,True,False,1,1520.555,0.46,1.0,3.953,1.787,0.452,8.585,3.881,0.132,3
2020-01-03,trade,17.87,True,False,1,1538.255,1.787,1.0,13.12,9.687,0.738,7.342,5.421,0.339,4
2020-01-06,trade,10.33,True,False,1,1577.475,1.033,1.0,25.89,17.74,0.685,25.066,17.176,0.306,0
2020-01-07,trade,0.0,False,False,0,1558.928,1.291,1.0,10.377,6.18,0.596,8.038,4.787,0.298,1
2020-01-08,skip,-52.21,False,False,2,1585.405,3.28,2.089,37.837,10.167,0.269,11.537,3.1,0.703,2
2020-01-09,trade,1.36,False,False,5,1560.495,0.759,0.529,7.55,3.967,0.525,9.946,5.226,0.2,3
2020-01-10,trade,-9.97,False,False,5,1548.795,0.537,0.411,6.54,3.403,0.52,12.182,6.339,0.139,4
2020-01-13,trade,6.8,True,False,1,1556.075,0.681,0.554,7.083,5.243,0.74,10.409,7.705,0.192,0
2020-01-14,trade,1.21,False,False,2,1540.015,0.667,0.572,12.9,7.833,0.607,19.336,11.741,0.292,1
2020-01-15,trade,8.98,True,False,1,1552.165,0.898,0.788,7.007,5.907,0.843,7.8,6.576,0.182,2
2020-01-16,trade,5.25,True,False,1,1555.868,0.525,0.485,3.197,0.43,0.135,6.084,0.818,0.119,3
2020-01-17,trade,5.96,True,False,1,1553.725,0.596,0.572,4.8,1.327,0.276,8.049,2.225,0.131,4
2020-01-20,trade,10.83,True,False,2,1557.825,0.361,0.364,2.747,0.697,0.254,7.611,1.931,0.1,0
2020-01-21,trade,10.25,True,False,1,1566.898,1.025,1.032,8.753,6.19,0.707,8.543,6.042,0.25,1
2020-01-22,trade,9.74,True,False,1,1551.155,0.974,0.982,8.708,7.483,0.859,8.941,7.683,0.2,2
2020-01-23,skip,-35.78,False,False,3,1555.958,0.932,0.944,7.917,2.54,0.321,8.493,2.725,0.232,3
2020-01-24,trade,9.26,True,False,2,1561.645,0.309,0.326,3.59,0.683,0.19,11.626,2.212,0.098,4
2020-01-27,skip,-30.89,False,False,5,1581.995,0.816,0.868,11.11,2.747,0.247,13.608,3.365,0.211,0
2020-01-28,trade,-9.19,False,False,4,1580.965,0.492,0.537,2.997,0.383,0.128,6.09,0.778,0.137,1
2020-01-29,trade,21.52,True,False,2,1565.095,0.717,0.791,6.53,1.663,0.255,9.105,2.319,0.169,2
2020-01-30,trade,20.77,True,False,2,1579.728,0.692,0.754,5.607,3.13,0.558,8.098,4.521,0.14,3
2020-01-31,trade,6.9,True,False,1,1572.235,0.69,0.799,5.053,1.543,0.305,7.325,2.237,0.209,4
2020-02-03,trade,10.51,False,False,3,1582.738,1.007,1.167,12.05,10.65,0.884,11.97,10.58,0.302,0
2020-02-04,trade,6.72,True,False,1,1576.408,0.672,0.808,5.777,0.69,0.119,8.594,1.026,0.193,1
2020-02-05,trade,-14.79,False,False,4,1555.085,0.748,1.061,4.473,2.577,0.576,5.979,3.445,0.202,2
2020-02-06,trade,6.62,True,False,1,1554.795,0.662,0.946,4.12,0.893,0.217,6.222,1.349,0.159,3
2020-02-07,skip,-33.5,False,False,3,1567.638,0.627,0.889,4.28,1.02,0.238,6.83,1.628,0.162,4
2020-02-10,trade,-14.97,False,False,2,1569.725,0.87,1.218,8.673,1.523,0.176,9.972,1.751,0.197,0
2020-02-11,trade,6.86,True,False,1,1567.685,0.686,0.959,6.047,4.003,0.662,8.815,5.835,0.151,1
2020-02-12,trade,4.54,True,False,1,1567.545,0.454,0.655,2.89,0.033,0.011,6.369,0.073,0.137,2
2020-02-13,skip,-48.52,False,False,5,1571.205,0.544,0.784,7.08,5.24,0.74,13.01,9.629,0.124,3
2020-02-14,trade,16.5,True,False,2,1574.315,0.55,0.795,4.283,1.523,0.356,7.788,2.769,0.141,4
2020-02-17,trade,5.28,True,False,1,1582.595,0.528,0.755,3.373,0.737,0.218,6.385,1.395,0.118,0
2020-02-18,trade,5.17,True,False,1,1586.658,0.517,0.766,4.73,2.64,0.558,9.155,5.11,0.104,1
2020-02-19,trade,0.49,False,False,1,1602.448,0.672,1.019,5.283,1.07,0.203,7.863,1.593,0.155,2
2020-02-20,trade,25.9,True,False,2,1609.085,0.863,1.316,6.867,3.033,0.442,7.954,3.513,0.188,3
2020-02-21,trade,-19.6,False,False,3,1623.468,0.888,1.297,5.673,3.83,0.675,6.386,4.312,0.182,4
2020-02-24,trade,32.86,False,False,2,1662.415,1.229,1.742,28.857,7.817,0.271,23.488,6.363,0.337,0
2020-02-25,trade,16.58,True,False,1,1657.555,1.658,2.171,21.05,1.273,0.06,12.694,0.768,0.313,1
2020-02-26,trade,19.15,True,False,1,1640.148,1.915,2.325,11.9,4.96,0.417,6.215,2.591,0.357,2
2020-02-27,trade,31.6,True,False,2,1648.818,1.053,1.251,12.92,7.98,0.618,12.267,7.577,0.26,3
2020-02-28,trade,12.77,True,False,1,1642.765,1.277,1.467,9.55,1.343,0.141,7.476,1.051,0.381,4
2020-03-02,trade,26.97,True,False,1,1595.338,2.697,2.823,31.203,3.96,0.127,11.567,1.468,0.639,0
2020-03-03,trade,10.62,True,False,1,1598.655,1.062,1.089,15.45,13.457,0.871,14.553,12.676,0.268,1
2020-03-04,trade,6.83,False,False,2,1645.045,1.499,1.48,14.95,4.787,0.32,9.973,3.193,0.364,2
2020-03-05,trade,1.98,False,False,2,1638.468,0.779,0.765,5.88,1.18,0.201,7.545,1.514,0.187,3
2020-03-06,trade,42.88,True,False,2,1670.455,1.429,1.35,8.977,1.893,0.211,6.281,1.324,0.319,4
2020-03-09,skip,-508.65,False,True,7,1694.625,2.467,2.167,13.083,3.37,0.258,5.302,1.366,0.531,0
2020-03-10,skip,-44.14,False,False,2,1668.735,1.553,1.314,9.88,2.583,0.261,6.36,1.663,0.36,1
2020-03-11,skip,-142.36,False,False,5,1656.955,1.241,1.016,9.55,4.007,0.42,7.696,3.229,0.279,2
2020-03-12,trade,28.73,True,False,1,1636.668,2.873,2.148,19.257,1.587,0.082,6.702,0.552,0.661,3
2020-03-13,trade,38.64,True,False,1,1563.248,3.864,2.57,32.973,13.64,0.414,8.533,3.53,0.841,4
2020-03-16,trade,98.48,True,False,2,1546.258,3.283,2.0,39.293,0.633,0.016,11.97,0.193,0.851,0
2020-03-17,skip,-32.34,False,False,2,1491.978,5.469,2.895,33.883,16.87,0.498,6.196,3.085,1.124,1
2020-03-18,trade,20.19,True,False,1,1530.628,2.019,1.032,15.59,2.78,0.178,7.721,1.377,0.397,2
2020-03-19,trade,37.48,True,False,1,1471.948,3.748,1.784,31.49,12.73,0.404,8.402,3.397,0.814,3
2020-03-20,trade,11.69,False,False,2,1485.748,2.59,1.185,20.787,18.43,0.887,8.027,7.116,0.55,4
2020-03-23,trade,70.46,True,False,2,1493.258,2.349,1.048,15.6,4.51,0.289,6.643,1.92,0.595,0
2020-03-24,trade,178.11,True,False,3,1578.265,2.969,1.287,24.0,13.547,0.564,8.085,4.563,0.645,1
2020-03-25,trade,43.11,True,False,1,1611.328,4.311,1.776,34.18,18.66,0.546,7.929,4.329,0.768,2
2020-03-26,trade,32.2,True,False,1,1603.608,3.22,1.27,17.947,6.5,0.362,5.574,2.019,0.626,3
2020-03-27,trade,10.06,True,False,1,1625.868,1.006,0.399,11.25,2.51,0.223,11.178,2.494,0.24,4
2020-03-30,trade,-12.72,False,False,2,1619.615,2.266,0.906,17.198,6.983,0.406,7.59,3.082,0.402,0
2020-03-31,trade,10.72,False,False,1,1614.098,1.822,0.718,7.46,4.16,0.558,4.094,2.283,0.412,1
2020-04-01,trade,11.92,True,False,1,1582.825,1.192,0.473,8.477,7.267,0.857,7.112,6.096,0.294,2
2020-04-02,trade,13.35,True,False,1,1584.638,1.335,0.523,12.86,8.7,0.677,9.635,6.518,0.265,3
2020-04-03,trade,13.38,True,False,1,1612.298,1.338,0.526,7.1,2.18,0.307,5.306,1.629,0.27,4
2020-04-06,trade,11.2,True,False,1,1619.448,1.12,0.452,10.14,4.89,0.482,9.053,4.366,0.214,0
2020-04-07,trade,69.97,True,False,2,1658.278,2.332,0.927,18.828,6.84,0.363,8.072,2.932,0.481,1
2020-04-08,trade,11.81,True,False,1,1648.338,1.181,0.47,10.03,1.03,0.103,8.495,0.872,0.266,2
2020-04-09,trade,7.22,True,False,1,1648.078,0.722,0.3,4.27,1.05,0.246,5.912,1.454,0.193,3
2020-04-13,trade,20.46,True,False,1,1682.568,2.046,0.884,12.29,2.93,0.238,6.006,1.432,0.368,0
2020-04-14,skip,-23.78,False,False,3,1721.058,2.244,0.991,11.72,4.99,0.426,5.223,2.224,0.415,1
2020-04-15,trade,12.84,True,False,1,1721.638,1.284,0.625,11.353,3.37,0.297,8.841,2.624,0.262,2
2020-04-16,trade,14.62,True,False,1,1714.568,1.462,0.722,7.61,0.8,0.105,5.204,0.547,0.255,3
2020-04-17,trade,82.53,False,False,3,1708.545,1.889,0.977,12.43,0.093,0.007,6.58,0.049,0.394,4
2020-04-20,trade,23.1,False,False,3,1678.618,1.43,0.762,9.46,3.37,0.356,6.615,2.357,0.291,0
2020-04-21,trade,17.56,True,False,1,1688.688,1.756,0.951,5.53,2.28,0.412,3.15,1.299,0.284,1
2020-04-22,trade,55.07,True,False,2,1684.958,1.836,1.026,8.401,0.55,0.065,4.576,0.3,0.368,2
2020-04-23,trade,19.58,True,False,1,1708.405,1.958,1.171,11.723,3.653,0.312,5.986,1.865,0.399,3
2020-04-24,trade,27.19,False,False,2,1723.018,1.16,0.739,8.98,6.0,0.668,7.743,5.173,0.23,4
2020-04-27,trade,9.82,True,False,1,1722.368,0.982,0.626,6.45,0.18,0.028,6.568,0.183,0.209,0
2020-04-28,skip,-92.4,False,False,5,1702.355,1.232,0.813,11.917,9.607,0.806,9.673,7.798,0.298,1
2020-04-29,trade,5.39,False,False,2,1709.005,0.893,0.608,8.13,4.417,0.543,9.106,4.947,0.195,2
2020-04-30,trade,8.83,False,False,2,1710.575,1.148,0.782,6.51,2.093,0.322,5.672,1.824,0.196,3
2020-05-01,trade,11.42,True,False,1,1689.175,1.142,0.783,8.67,0.187,0.022,7.594,0.164,0.215,4
2020-05-04,trade,14.63,True,False,1,1697.398,1.463,0.999,7.48,4.72,0.631,5.114,3.227,0.262,0
2020-05-05,trade,8.28,True,False,1,1697.488,0.828,0.571,7.247,4.05,0.559,8.753,4.892,0.2,1
2020-05-06,trade,22.95,True,False,2,1702.618,0.765,0.558,6.538,2.5,0.382,8.546,3.268,0.238,2
2020-05-07,trade,21.11,True,False,2,1691.578,0.704,0.522,7.52,3.97,0.528,10.686,5.641,0.118,3
2020-05-08,trade,13.93,True,False,1,1716.248,1.393,1.009,9.44,1.94,0.206,6.776,1.393,0.259,4
2020-05-11,skip,-66.56,False,False,5,1709.395,0.896,0.677,9.66,5.387,0.558,10.778,6.01,0.212,0
2020-05-12,trade,14.51,False,False,4,1698.488,0.753,0.603,6.873,1.18,0.172,9.126,1.567,0.2,1
2020-05-13,trade,31.37,True,False,2,1702.308,1.046,0.845,5.76,1.66,0.288,5.509,1.588,0.164,2
2020-05-14,skip,-43.7,False,False,5,1715.268,0.755,0.629,7.65,1.57,0.205,10.128,2.078,0.173,3
2020-05-15,trade,11.49,True,False,1,1732.525,1.149,0.987,5.917,2.527,0.427,5.149,2.199,0.214,4
2020-05-18,trade,17.49,True,False,1,1761.158,1.749,1.482,17.787,14.98,0.842,10.172,8.567,0.331,0
2020-05-19,trade,8.71,True,False,1,1736.948,0.871,0.767,7.457,3.46,0.464,8.559,3.971,0.198,1
2020-05-20,trade,11.92,True,False,1,1748.345,1.192,1.079,7.187,4.517,0.628,6.032,3.791,0.194,2
2020-05-21,trade,-1.36,False,False,2,1740.158,1.446,1.341,10.933,6.67,0.61,7.561,4.613,0.242,3
2020-05-22,trade,38.22,True,False,2,1727.778,1.274,1.175,5.55,0.56,0.101,4.357,0.44,0.221,4
2020-05-25,skip,-22.66,False,False,4,1728.955,0.653,0.612,6.617,2.403,0.363,10.128,3.678,0.13,0
2020-05-26,trade,8.78,True,False,1,1733.925,0.878,0.836,8.42,7.367,0.875,9.593,8.393,0.159,1
2020-05-27,trade,30.08,True,False,2,1710.858,1.003,0.95,6.347,0.09,0.014,6.331,0.09,0.171,2
2020-05-28,trade,8.92,True,False,1,1713.658,0.892,0.855,6.473,3.91,0.604,7.259,4.385,0.2,3
2020-05-29,trade,7.2,True,False,1,1719.778,0.72,0.705,10.03,0.6,0.06,13.936,0.834,0.273,4
2020-06-01,trade,9.84,True,False,1,1738.855,0.984,0.987,8.877,0.587,0.066,9.017,0.596,0.288,0
2020-06-02,trade,8.3,True,False,1,1738.978,0.83,0.832,6.76,0.98,0.145,8.14,1.18,0.208,1
2020-06-03,trade,9.62,True,False,1,1728.388,0.962,0.955,11.453,2.21,0.193,11.905,2.297,0.192,2
2020-06-04,trade,8.45,True,False,1,1704.715,0.845,0.833,7.94,5.677,0.715,9.396,6.718,0.175,3
2020-06-05,trade,9.14,True,False,1,1711.258,0.914,0.923,5.753,2.69,0.468,6.291,2.942,0.169,4
2020-06-08,trade,-1.68,False,False,2,1687.298,1.069,1.069,11.327,8.49,0.75,10.599,7.945,0.223,0
2020-06-09,trade,11.17,True,False,1,1695.588,1.117,1.097,9.878,1.55,0.157,8.847,1.388,0.226,1
2020-06-10,trade,8.3,True,False,1,1716.145,0.829,0.824,6.44,1.817,0.282,7.764,2.19,0.25,2
2020-06-11,trade,9.58,True,False,1,1732.215,0.958,0.942,7.01,3.373,0.481,7.32,3.522,0.167,3
2020-06-12,trade,-5.7,False,False,2,1725.365,1.35,1.315,8.093,3.563,0.44,5.995,2.639,0.305,4
2020-06-15,trade,13.61,True,False,1,1729.215,1.361,1.351,7.45,0.923,0.124,5.473,0.678,0.22,0
2020-06-16,skip,-29.07,False,False,3,1729.525,1.28,1.246,8.697,2.477,0.285,6.792,1.935,0.195,1
2020-06-17,trade,-13.39,False,False,4,1723.955,0.814,0.807,6.15,1.473,0.24,7.554,1.809,0.166,2
2020-06-18,trade,8.17,True,False,1,1726.205,0.817,0.836,6.56,0.633,0.096,8.024,0.774,0.231,3
2020-06-19,trade,21.01,True,False,2,1725.155,0.7,0.738,4.673,1.917,0.41,6.672,2.737,0.145,4
2020-06-22,trade,15.44,True,False,1,1751.265,1.544,1.554,13.83,6.007,0.434,8.958,3.891,0.292,0
2020-06-23,trade,2.74,False,False,1,1750.268,2.154,2.038,12.743,4.47,0.351,5.916,2.075,0.406,1
2020-06-24,trade,12.78,True,False,1,1767.755,1.278,1.193,7.4,0.455,0.061,5.791,0.356,0.233,2
2020-06-25,trade,18.46,False,False,2,1761.018,1.34,1.226,7.773,3.07,0.395,5.801,2.291,0.205,3
2020-06-26,trade,6.07,True,False,1,1761.948,0.607,0.558,5.58,2.14,0.384,9.199,3.528,0.122,4
2020-06-29,trade,13.87,True,False,1,1771.355,1.387,1.252,7.427,2.593,0.349,5.355,1.87,0.222,0
2020-06-30,trade,5.02,True,False,1,1771.708,0.502,0.46,4.837,1.54,0.318,9.633,3.067,0.109,1
2020-07-01,trade,21.75,True,False,2,1782.688,0.725,0.672,4.097,1.42,0.347,5.651,1.959,0.141,2
2020-07-02,trade,7.89,True,False,1,1767.858,0.789,0.732,4.975,1.53,0.308,6.309,1.94,0.15,3
2020-07-03,skip,-21.91,False,False,5,1776.698,0.711,0.666,4.03,0.99,0.246,5.671,1.393,0.135,4
2020-07-06,trade,1.31,False,False,2,1773.768,0.917,0.866,6.95,0.53,0.076,7.578,0.578,0.192,0
2020-07-07,trade,1.67,False,False,2,1782.765,0.811,0.777,4.51,3.333,0.739,5.561,4.11,0.164,1
2020-07-08,trade,8.73,True,False,1,1793.025,0.873,0.835,5.01,1.603,0.32,5.738,1.836,0.152,2
2020-07-09,trade,6.48,True,False,1,1808.905,0.648,0.629,4.32,0.373,0.086,6.663,0.575,0.119,3
2020-07-10,trade,6.24,True,False,1,1800.058,0.624,0.627,4.47,3.1,0.694,7.168,4.971,0.154,4
2020-07-13,trade,4.98,True,False,1,1804.128,0.498,0.524,4.99,3.62,0.725,10.017,7.267,0.136,0
2020-07-14,trade,9.19,True,False,1,1798.598,0.92,0.986,6.68,3.76,0.563,7.265,4.089,0.224,1
2020-07-15,skip,-78.45,False,False,5,1809.438,0.654,0.707,3.67,1.28,0.349,5.615,1.958,0.158,2
2020-07-16,trade,6.42,True,False,1,1809.548,0.642,0.7,5.183,1.86,0.359,8.077,2.898,0.137,3
2020-07-17,trade,-2.04,False,False,1,1797.745,0.739,0.805,3.777,0.447,0.118,5.113,0.605,0.169,4
2020-07-20,trade,5.92,True,False,1,1807.728,0.592,0.68,4.943,1.84,0.372,8.351,3.108,0.14,0
2020-07-21,trade,61.29,True,False,4,1817.475,0.613,0.773,2.977,0.163,0.055,4.857,0.266,0.126,1
2020-07-22,trade,5.68,False,False,2,1858.105,1.354,1.699,24.48,15.757,0.644,18.078,11.636,0.594,2
2020-07-23,trade,-3.46,False,False,4,1865.5,1.167,1.48,12.506,3.368,0.269,10.712,2.885,0.24,3
2020-07-24,trade,12.25,True,False,1,1889.478,1.225,1.495,8.36,1.36,0.163,6.823,1.11,0.213,4
2020-07-27,skip,-533.74,False,True,9,1928.825,1.713,2.05,25.08,22.357,0.891,14.638,13.049,0.318,0
2020-07-28,skip,-507.05,False,True,5,1965.905,3.948,3.916,33.072,17.417,0.527,8.377,4.412,0.685,1
2020-07-29,trade,20.51,True,False,1,1950.478,2.051,1.909,13.94,0.44,0.032,6.796,0.215,0.357,2
2020-07-30,trade,14.6,True,False,1,1966.228,1.46,1.318,9.913,2.66,0.268,6.789,1.822,0.315,3
2020-07-31,trade,62.03,True,False,2,1966.478,2.068,1.758,14.8,10.23,0.691,7.158,4.948,0.31,4
2020-08-03,trade,9.2,False,False,1,1974.635,1.42,1.183,14.723,9.043,0.614,10.365,6.366,0.326,0
2020-08-04,trade,60.88,False,False,5,1975.998,0.776,0.647,6.988,2.7,0.386,9.007,3.48,0.164,1
2020-08-05,trade,19.11,True,False,1,2015.255,1.911,1.528,21.477,5.673,0.264,11.237,2.968,0.302,2
2020-08-06,skip,-65.45,False,False,3,2039.788,1.368,1.063,10.193,1.77,0.174,7.453,1.294,0.212,3
2020-08-07,trade,13.39,True,False,1,2067.558,1.339,1.012,10.34,2.59,0.25,7.723,1.934,0.358,4
2020-08-10,trade,15.59,True,False,1,2028.215,1.559,1.133,10.863,2.667,0.246,6.97,1.711,0.257,0
2020-08-11,trade,83.7,True,False,3,2019.428,1.395,0.997,15.257,8.6,0.564,10.937,6.165,0.258,1
2020-08-12,trade,59.99,True,False,1,1886.808,5.999,3.599,55.25,40.01,0.724,9.21,6.669,0.979,2
2020-08-13,trade,17.85,True,False,1,1936.935,1.785,1.035,29.93,21.357,0.714,16.77,11.966,0.392,3
2020-08-14,trade,21.99,True,False,1,1948.948,2.199,1.224,17.407,9.79,0.562,7.915,4.452,0.354,4
2020-08-17,trade,14.78,True,False,1,1940.458,1.478,0.803,19.85,8.56,0.431,13.429,5.791,0.335,0
2020-08-18,trade,66.74,True,False,2,1992.118,2.225,1.157,15.21,10.75,0.707,6.837,4.832,0.387,1
2020-08-19,trade,22.21,True,False,1,1994.758,2.221,1.13,16.3,11.2,0.687,7.338,5.042,0.378,2
2020-08-20,trade,140.63,True,False,3,1946.395,2.344,1.158,23.12,7.157,0.31,9.864,3.054,0.451,3
2020-08-21,trade,87.77,True,False,3,1946.498,1.463,0.718,15.29,2.06,0.135,10.452,1.408,0.356,4
2020-08-24,trade,36.04,False,False,3,1935.355,1.504,0.743,7.627,1.763,0.231,5.071,1.172,0.303,0
2020-08-25,trade,36.04,True,False,2,1934.605,1.201,0.636,9.77,5.957,0.61,8.132,4.958,0.19,1
2020-08-26,skip,-108.89,False,False,6,1928.925,0.964,0.526,7.51,0.817,0.109,7.788,0.847,0.203,2
2020-08-27,trade,16.71,True,False,1,1941.145,1.671,0.906,15.867,11.863,0.748,9.495,7.099,0.285,3
2020-08-28,skip,-148.24,False,False,5,1935.408,1.674,0.917,14.54,8.13,0.559,8.685,4.856,0.306,4
2020-08-31,skip,-26.72,False,False,2,1970.628,1.229,0.677,9.14,2.21,0.242,7.435,1.798,0.23,0
2020-09-01,trade,16.52,False,False,1,1987.705,2.579,1.354,23.053,21.897,0.95,8.937,8.489,0.302,1
2020-09-02,trade,37.73,True,False,2,1964.775,1.258,0.672,14.44,6.493,0.45,11.482,5.163,0.347,2
2020-09-03,skip,-230.67,False,False,5,1946.465,1.584,0.841,10.757,4.877,0.453,6.789,3.078,0.225,3
2020-09-04,trade,21.76,False,False,3,1934.568,1.383,0.733,16.165,3.58,0.221,11.691,2.589,0.231,4
2020-09-07,trade,10.53,True,False,1,1937.798,1.053,0.566,9.323,1.37,0.147,8.851,1.301,0.223,0
2020-09-08,trade,56.1,True,False,3,1926.098,0.935,0.509,7.26,4.63,0.638,7.765,4.952,0.175,1
2020-09-09,skip,-36.56,False,False,3,1925.678,1.176,0.736,8.53,4.96,0.581,7.255,4.219,0.222,2
2020-09-10,trade,9.65,True,False,1,1946.735,0.965,0.621,7.23,0.377,0.052,7.49,0.391,0.203,3
2020-09-11,trade,46.97,True,False,2,1940.348,1.566,1.028,10.91,4.91,0.45,6.968,3.136,0.221,4
2020-09-14,trade,9.34,True,False,1,1949.828,0.934,0.624,10.79,8.36,0.775,11.552,8.951,0.218,0
2020-09-15,skip,-25.73,False,False,3,1963.038,1.401,0.963,10.84,5.99,0.553,7.737,4.275,0.216,1
2020-09-16,trade,10.26,True,False,1,1957.985,1.026,0.735,9.967,3.357,0.337,9.717,3.273,0.19,2
2020-09-17,skip,-48.11,False,False,3,1946.778,2.555,1.817,18.467,12.42,0.673,7.229,4.862,0.365,3
2020-09-18,trade,10.72,True,False,1,1951.968,1.072,0.773,9.667,5.99,0.62,9.018,5.588,0.222,4
2020-09-21,trade,8.99,True,False,1,1952.478,0.899,0.663,8.59,2.41,0.281,9.551,2.679,0.2,0
2020-09-22,skip,-85.79,False,False,4,1908.738,1.673,1.212,13.32,4.45,0.334,7.962,2.66,0.365,1
2020-09-23,skip,-495.81,False,True,9,1899.898,1.884,1.321,7.68,1.3,0.169,4.077,0.69,0.243,2
2020-09-24,skip,-76.5,False,False,4,1859.855,2.283,1.567,15.35,1.347,0.088,6.724,0.59,0.384,3
2020-09-25,skip,-100.39,False,False,4,1867.328,1.332,0.925,7.823,0.08,0.01,5.873,0.06,0.318,4
2020-09-28,trade,15.91,False,False,2,1860.558,1.184,0.824,7.413,4.23,0.571,6.263,3.574,0.249,0
2020-09-29,trade,11.05,True,False,1,1883.198,1.105,0.811,7.07,3.06,0.433,6.396,2.768,0.272,1
2020-09-30,trade,22.38,False,False,3,1892.475,1.563,1.134,7.067,6.173,0.873,4.521,3.949,0.239,2
2020-10-01,trade,10.59,True,False,1,1892.248,1.059,0.783,7.96,3.56,0.447,7.516,3.361,0.184,3
2020-10-02,trade,41.15,True,False,2,1893.088,1.372,1.015,14.56,12.49,0.858,10.615,9.106,0.181,4
2020-10-05,skip,-145.43,False,False,7,1899.215,1.015,0.752,6.78,1.023,0.151,6.681,1.008,0.176,0
2020-10-06,trade,45.2,True,False,3,1909.758,0.753,0.562,6.34,2.6,0.41,8.416,3.451,0.152,1
2020-10-07,trade,12.5,True,False,1,1881.005,1.25,0.93,9.227,5.227,0.566,7.383,4.182,0.251,2
2020-10-08,trade,23.59,False,False,4,1887.288,0.84,0.628,5.37,0.14,0.026,6.393,0.167,0.149,3
2020-10-09,trade,36.93,True,False,2,1909.785,1.231,0.931,15.14,13.557,0.895,12.3,11.014,0.223,4
2020-10-12,trade,12.59,True,False,1,1927.365,1.259,0.941,11.693,1.803,0.154,9.286,1.432,0.263,0
2020-10-13,trade,8.15,False,False,1,1912.975,1.722,1.272,14.32,10.873,0.759,8.315,6.313,0.241,1
2020-10-14,trade,34.33,True,False,2,1895.448,1.144,0.841,13.223,3.46,0.262,11.556,3.024,0.293,2
2020-10-15,trade,11.45,True,False,1,1894.778,1.145,0.888,8.51,4.42,0.519,7.43,3.859,0.269,3
2020-10-16,trade,27.61,False,False,4,1908.238,0.892,0.697,5.77,0.91,0.158,6.468,1.02,0.179,4
2020-10-19,trade,25.92,True,False,2,1902.015,0.864,0.676,5.837,1.567,0.268,6.757,1.814,0.203,0
2020-10-20,trade,42.84,True,False,2,1900.915,1.428,1.128,9.45,2.363,0.25,6.618,1.655,0.217,1
2020-10-21,trade,0.0,False,False,0,1918.438,1.197,0.972,10.28,7.61,0.74,8.585,6.355,0.206,2
2020-10-22,trade,3.64,False,False,1,1914.685,1.504,1.261,13.953,9.333,0.669,9.275,6.204,0.24,3
2020-10-23,trade,8.79,True,False,1,1906.738,0.879,0.751,5.903,0.24,0.041,6.714,0.273,0.161,4
2020-10-26,trade,-7.71,False,False,1,1899.055,1.049,0.902,9.037,5.727,0.634,8.611,5.457,0.17,0
2020-10-27,trade,14.88,False,False,2,1908.745,0.843,0.733,8.4,6.387,0.76,9.967,7.578,0.15,1
2020-10-28,trade,7.64,True,False,1,1905.458,0.764,0.688,5.78,0.8,0.138,7.568,1.047,0.13,2
2020-10-29,skip,-71.4,False,False,5,1878.335,0.822,0.748,4.42,0.527,0.119,5.379,0.641,0.182,3
2020-10-30,trade,66.51,True,False,3,1874.455,1.108,1.021,12.0,7.967,0.664,10.825,7.187,0.198,4
2020-11-02,skip,-25.79,False,False,3,1883.668,1.21,1.105,12.22,6.74,0.552,10.097,5.569,0.192,0
2020-11-03,skip,-34.51,False,False,4,1895.658,1.147,1.029,6.91,0.51,0.074,6.025,0.445,0.183,1
2020-11-04,trade,47.5,True,False,1,1893.548,4.75,3.682,35.593,15.19,0.427,7.493,3.198,0.709,2
2020-11-05,trade,13.23,True,False,1,1908.308,1.323,1.006,7.617,5.27,0.692,5.759,3.985,0.245,3
2020-11-06,skip,-27.59,False,False,4,1942.535,1.747,1.304,10.83,5.843,0.54,6.199,3.345,0.295,4
2020-11-09,trade,11.38,True,False,1,1957.098,1.138,0.853,7.34,2.41,0.328,6.45,2.118,0.24,0
2020-11-10,skip,-65.93,False,False,5,1876.948,1.427,1.082,17.79,12.87,0.723,12.465,9.018,0.289,1
2020-11-11,trade,12.16,True,False,1,1882.348,1.216,0.919,8.82,5.49,0.622,7.253,4.515,0.216,2
2020-11-12,trade,11.94,True,False,1,1870.228,1.194,0.901,9.037,5.63,0.623,7.571,4.717,0.226,3
2020-11-13,trade,3.28,False,False,2,1878.998,1.183,0.883,7.887,2.07,0.262,6.669,1.75,0.235,4
2020-11-16,trade,40.95,True,False,2,1895.315,1.365,1.0,12.3,7.177,0.583,9.011,5.258,0.286,0
2020-11-17,trade,7.97,True,False,1,1890.975,0.797,0.598,4.95,2.312,0.467,6.208,2.9,0.158,1
2020-11-18,trade,50.66,True,False,3,1878.395,0.844,0.642,6.86,1.593,0.232,8.125,1.887,0.24,2
2020-11-19,skip,-106.56,False,False,6,1870.828,0.704,0.552,5.613,1.24,0.221,7.973,1.761,0.157,3
2020-11-20,trade,8.89,True,False,1,1863.908,0.888,0.696,6.697,1.76,0.263,7.537,1.981,0.196,4
2020-11-23,trade,0.0,False,False,0,1873.035,1.095,0.857,7.41,3.092,0.417,6.768,2.824,0.184,0
2020-11-24,trade,17.87,False,False,3,1822.365,1.53,1.165,17.654,15.773,0.893,11.54,10.311,0.363,1
2020-11-25,skip,-37.52,False,False,8,1809.055,0.884,0.67,6.98,2.217,0.318,7.896,2.508,0.2,2
2020-11-26,trade,3.41,False,False,1,1811.248,0.894,0.676,5.947,3.64,0.612,6.652,4.072,0.167,3
2020-11-27,trade,8.85,True,False,1,1808.895,0.885,0.675,6.13,0.568,0.093,6.928,0.642,0.174,4
2020-11-30,trade,39.12,False,False,3,1766.675,2.439,1.777,25.563,20.533,0.803,10.483,8.42,0.381,0
2020-12-01,trade,49.63,False,False,4,1782.835,0.844,0.622,7.64,6.544,0.857,9.049,7.751,0.197,1
2020-12-02,trade,17.49,False,False,2,1808.783,1.053,0.898,6.713,6.245,0.93,6.374,5.93,0.213,2
2020-12-03,skip,-205.49,False,False,8,1829.173,0.888,0.772,5.59,1.005,0.18,6.295,1.132,0.169,3
2020-12-04,skip,-38.96,False,False,3,1844.315,1.296,1.148,6.81,4.057,0.596,5.256,3.131,0.205,4
2020-12-07,trade,30.56,True,False,2,1839.055,1.019,0.908,6.43,0.527,0.082,6.312,0.517,0.204,0
2020-12-08,trade,9.89,True,False,1,1867.393,0.989,0.899,8.148,5.145,0.631,8.237,5.201,0.229,1
2020-12-09,skip,-467.25,False,True,11,1866.118,0.871,0.804,6.24,4.46,0.715,7.162,5.119,0.189,2
2020-12-10,trade,37.78,True,False,2,1840.798,1.259,1.159,8.787,1.22,0.139,6.977,0.969,0.238,3
2020-12-11,trade,39.36,False,False,3,1838.225,1.001,0.929,5.25,2.277,0.434,5.245,2.275,0.228,4
2020-12-14,trade,-1.97,False,False,2,1836.978,0.776,0.741,7.15,3.72,0.52,9.21,4.792,0.194,0
2020-12-15,trade,37.56,True,False,2,1832.208,1.252,1.169,8.14,4.62,0.568,6.502,3.691,0.213,1
2020-12-16,trade,12.88,True,False,1,1856.968,1.288,1.179,7.41,4.194,0.566,5.752,3.255,0.212,2
2020-12-17,trade,9.75,True,False,1,1863.988,0.975,0.881,5.497,0.18,0.033,5.638,0.185,0.163,3
2020-12-18,trade,7.82,True,False,1,1880.005,0.782,0.71,7.36,5.193,0.706,9.413,6.641,0.183,4
2020-12-21,trade,41.42,True,False,2,1896.948,1.381,1.238,18.187,13.13,0.722,13.173,9.51,0.325,0
2020-12-22,trade,-13.02,False,False,3,1883.348,1.049,0.962,8.7,6.53,0.751,8.29,6.222,0.189,1
2020-12-23,trade,15.34,True,False,1,1865.465,1.534,1.365,8.243,6.24,0.757,5.373,4.068,0.249,2
2020-12-24,trade,8.96,False,False,3,1876.828,0.894,0.796,9.11,4.29,0.471,10.187,4.797,0.165,3
2020-12-28,trade,11.95,True,False,1,1896.568,1.195,1.049,17.75,13.647,0.769,14.855,11.421,0.311,0
2020-12-29,trade,40.73,True,False,2,1877.978,1.358,1.251,9.843,5.06,0.514,7.249,3.727,0.212,1
2020-12-30,trade,-9.11,False,False,4,1883.138,0.681,0.632,7.383,5.75,0.779,10.843,8.444,0.153,2
2020-12-31,trade,2.04,False,False,3,1891.038,1.161,1.072,10.33,3.1,0.3,8.901,2.671,0.25,3
2021-01-04,trade,62.36,True,False,3,1921.695,1.039,0.953,18.497,16.697,0.903,17.798,16.066,0.248,0
2021-01-05,trade,72.6,True,False,3,1939.305,1.21,1.114,11.317,1.923,0.17,9.353,1.589,0.252,1
2021-01-06,trade,52.8,True,False,2,1943.968,1.76,1.568,12.878,6.01,0.467,7.316,3.414,0.379,2
2021-01-07,trade,-0.01,False,False,1,1916.035,1.562,1.356,9.94,2.523,0.254,6.365,1.615,0.285,3
2021-01-08,trade,9.79,True,False,1,1912.115,0.979,0.846,7.45,1.713,0.23,7.613,1.75,0.21,4
2021-01-11,trade,86.97,False,False,3,1835.342,2.183,1.815,39.68,13.821,0.348,18.176,6.331,0.795,0
2021-01-12,trade,-11.34,False,False,3,1847.315,1.261,1.037,7.943,2.677,0.337,6.299,2.123,0.269,1
2021-01-13,trade,12.19,True,False,1,1859.758,1.219,0.985,9.201,5.43,0.59,7.545,4.453,0.25,2
2021-01-14,trade,30.16,True,False,1,1839.665,3.016,2.274,23.61,5.567,0.236,7.828,1.846,0.42,3
2021-01-15,trade,30.41,True,False,2,1852.348,1.014,0.772,10.3,7.15,0.694,10.162,7.054,0.24,4
2021-01-18,trade,17.4,True,False,1,1828.668,1.74,1.288,29.357,0.06,0.002,16.873,0.034,0.358,0
2021-01-19,trade,35.76,True,False,2,1839.345,1.192,0.869,7.505,1.787,0.238,6.296,1.499,0.195,1
2021-01-20,trade,29.7,True,False,2,1849.665,0.99,0.732,11.043,9.953,0.901,11.156,10.055,0.209,2
2021-01-21,trade,10.98,True,False,1,1871.445,1.098,0.811,5.423,0.928,0.171,4.939,0.845,0.221,3
2021-01-22,trade,12.04,True,False,1,1860.622,1.204,0.9,10.877,8.57,0.788,9.031,7.115,0.203,4
2021-01-25,trade,11.07,True,False,1,1854.321,1.107,0.821,7.26,0.134,0.018,6.559,0.121,0.241,0
2021-01-26,trade,7.9,True,False,1,1860.515,0.79,0.595,7.707,5.532,0.718,9.751,6.999,0.191,1
2021-01-27,trade,9.26,True,False,1,1847.757,0.926,0.709,8.217,2.151,0.262,8.87,2.322,0.208,2
2021-01-28,trade,0.0,False,False,0,1837.565,1.556,1.152,10.887,5.902,0.542,6.996,3.793,0.262,3
2021-01-29,trade,9.64,True,False,1,1842.115,0.964,0.719,5.747,0.427,0.074,5.962,0.443,0.208,4
2021-02-01,trade,20.84,True,False,1,1861.308,2.084,1.496,17.945,2.114,0.118,8.613,1.015,0.372,0
2021-02-02,skip,-47.72,False,False,5,1858.647,1.163,0.836,9.98,1.379,0.138,8.585,1.186,0.27,1
2021-02-03,trade,-3.62,False,False,1,1841.958,1.127,0.829,8.65,5.131,0.593,7.677,4.554,0.177,2
2021-02-04,trade,16.0,True,False,1,1822.666,1.6,1.176,13.037,10.592,0.812,8.148,6.62,0.309,3
2021-02-05,trade,11.68,True,False,1,1794.535,1.168,0.853,5.73,0.511,0.089,4.906,0.437,0.233,4
2021-02-08,trade,0.0,False,False,0,1810.765,1.629,1.213,10.492,6.193,0.59,6.441,3.802,0.238,0
2021-02-09,trade,12.56,True,False,1,1841.262,1.256,0.936,12.88,11.029,0.856,10.257,8.783,0.214,1
2021-02-10,trade,-3.94,False,False,3,1841.425,1.139,0.851,8.46,4.103,0.485,7.426,3.601,0.2,2
2021-02-11,trade,60.25,True,False,3,1837.732,1.004,0.811,9.217,5.116,0.555,9.178,5.095,0.204,3
2021-02-12,trade,-4.09,False,False,4,1819.635,0.876,0.712,8.72,4.744,0.544,9.951,5.414,0.159,4
2021-02-15,trade,6.98,True,False,1,1824.985,0.698,0.592,7.067,0.133,0.019,10.127,0.191,0.157,0
2021-02-16,trade,8.77,True,False,1,1823.695,0.877,0.754,8.63,4.777,0.554,9.836,5.445,0.157,1
2021-02-17,trade,8.72,True,False,1,1793.965,0.872,0.754,7.909,0.135,0.017,9.068,0.155,0.216,2
2021-02-18,trade,31.77,True,False,2,1782.998,1.059,0.917,7.747,7.04,0.909,7.316,6.649,0.228,3
2021-02-19,trade,17.37,False,False,2,1769.901,1.763,1.49,16.571,5.687,0.343,9.399,3.226,0.396,4
2021-02-22,trade,15.01,True,False,1,1783.455,1.501,1.248,8.38,1.909,0.228,5.583,1.272,0.244,0
2021-02-23,trade,-3.2,False,False,3,1815.155,1.242,1.013,9.59,5.957,0.621,7.723,4.797,0.274,1
2021-02-24,trade,10.16,True,False,1,1810.03,1.016,0.826,9.39,5.41,0.576,9.24,5.323,0.226,2
2021-02-25,trade,11.96,True,False,1,1796.295,1.196,0.987,10.859,8.602,0.792,9.082,7.194,0.26,3
2021-02-26,trade,12.98,True,False,1,1772.765,1.298,1.057,10.604,2.64,0.249,8.17,2.034,0.317,4
2021-03-01,trade,11.71,True,False,1,1747.515,1.171,0.99,16.305,14.769,0.906,13.919,12.608,0.28,0
2021-03-02,trade,56.15,True,False,2,1712.536,1.872,1.536,17.999,11.629,0.646,9.616,6.213,0.45,1
2021-03-03,trade,-16.57,False,False,2,1732.625,1.028,0.847,10.551,4.728,0.448,10.269,4.601,0.222,2
2021-03-04,trade,91.11,True,False,3,1712.274,1.519,1.256,8.407,2.14,0.255,5.536,1.409,0.271,3
2021-03-05,trade,-5.02,False,False,1,1694.274,1.388,1.138,11.481,3.384,0.295,8.27,2.438,0.332,4
2021-03-08,trade,24.69,False,False,2,1708.971,1.645,1.347,12.45,7.253,0.583,7.568,4.409,0.353,0
2021-03-09,trade,78.56,True,False,3,1687.388,1.309,1.07,8.92,3.945,0.442,6.813,3.013,0.284,1
2021-03-10,trade,11.97,True,False,1,1713.445,1.197,0.976,8.721,1.503,0.172,7.288,1.256,0.245,2
2021-03-11,trade,27.96,False,False,3,1730.009,1.221,0.986,8.999,3.968,0.441,7.373,3.251,0.242,3
2021-03-12,trade,13.9,True,False,1,1719.454,1.39,1.1,10.057,2.344,0.233,7.237,1.687,0.243,4
2021-03-15,trade,14.99,True,False,1,1726.074,1.499,1.15,9.803,1.594,0.163,6.541,1.064,0.264,0
2021-03-16,trade,7.83,True,False,1,1731.768,0.783,0.603,4.651,1.4,0.301,5.943,1.789,0.175,1
2021-03-17,skip,-36.19,False,False,4,1733.535,0.975,0.748,5.483,1.788,0.326,5.624,1.834,0.203,2
2021-03-18,skip,-45.3,False,False,5,1754.375,1.235,0.941,7.955,7.031,0.884,6.441,5.693,0.232,3
2021-03-19,trade,66.61,True,False,3,1730.845,1.11,0.868,8.133,4.003,0.492,7.326,3.606,0.183,4
2021-03-22,skip,-39.36,False,False,3,1738.895,1.034,0.823,8.375,0.937,0.112,8.096,0.906,0.22,0
2021-03-23,trade,1.4,False,False,2,1734.258,1.013,0.814,9.5,5.22,0.549,9.373,5.15,0.209,1
2021-03-24,trade,-1.99,False,False,1,1731.978,1.138,0.91,10.685,5.229,0.489,9.386,4.593,0.239,2
2021-03-25,trade,79.49,True,False,4,1735.145,0.795,0.646,3.42,1.226,0.358,4.303,1.542,0.173,3
2021-03-26,trade,11.23,True,False,1,1723.758,1.123,0.919,6.357,4.05,0.637,5.659,3.605,0.196,4
2021-03-29,skip,-75.74,False,False,4,1731.785,0.891,0.737,6.51,0.737,0.113,7.31,0.828,0.163,0
2021-03-30,trade,10.88,True,False,1,1706.035,1.088,0.931,9.713,5.533,0.57,8.925,5.084,0.196,1
2021-03-31,trade,13.28,True,False,1,1678.238,1.328,1.121,8.527,5.06,0.593,6.422,3.811,0.255,2
2021-04-01,trade,10.96,True,False,1,1711.985,1.096,0.943,6.867,4.217,0.614,6.264,3.847,0.181,3
2021-04-05,trade,2.6,False,False,2,1725.335,0.707,0.626,5.397,2.903,0.538,7.638,4.108,0.122,0
2021-04-06,trade,25.21,True,False,2,1734.365,0.84,0.772,8.23,7.197,0.874,9.793,8.564,0.215,1
2021-04-07,skip,-22.93,False,False,2,1736.388,0.954,0.89,8.016,6.461,0.806,8.407,6.776,0.193,2
2021-04-08,skip,-69.5,False,False,4,1736.778,0.709,0.678,4.55,0.22,0.048,6.417,0.31,0.165,3
2021-04-09,trade,9.61,True,False,1,1752.518,0.961,0.93,5.52,2.26,0.409,5.744,2.352,0.184,4
2021-04-12,trade,-1.35,False,False,1,1739.318,1.048,1.031,6.65,2.19,0.329,6.346,2.09,0.208,0
2021-04-13,skip,-166.12,False,False,8,1735.728,0.855,0.869,8.323,3.17,0.381,9.737,3.709,0.21,1
2021-04-14,trade,8.83,True,False,1,1744.995,0.883,0.893,5.443,0.023,0.004,6.163,0.026,0.17,2
2021-04-15,trade,9.57,True,False,1,1738.268,0.957,0.968,6.12,2.37,0.387,6.398,2.478,0.219,3
2021-04-16,skip,-56.41,False,False,4,1761.268,0.808,0.836,6.407,2.31,0.361,7.931,2.859,0.173,4
2021-04-19,trade,12.17,False,False,2,1778.918,1.081,1.12,10.437,3.7,0.355,9.656,3.423,0.238,0
2021-04-20,trade,12.39,False,False,5,1768.615,1.289,1.318,7.12,2.623,0.368,5.522,2.034,0.242,1
2021-04-21,trade,10.47,True,False,1,1782.648,1.047,1.068,6.54,4.5,0.688,6.247,4.299,0.206,2
2021-04-22,trade,9.55,True,False,1,1793.788,0.955,0.983,5.37,0.14,0.026,5.625,0.147,0.191,3
2021-04-23,trade,7.47,True,False,1,1787.118,0.747,0.771,6.797,3.406,0.501,9.099,4.56,0.158,4
2021-04-26,trade,8.47,True,False,1,1780.545,0.847,0.887,7.97,5.917,0.742,9.414,6.989,0.173,0
2021-04-27,skip,-39.44,False,False,3,1777.965,0.939,0.981,10.363,3.413,0.329,11.035,3.634,0.211,1
2021-04-28,trade,0.0,False,False,0,1771.408,0.858,0.907,9.85,3.97,0.403,11.482,4.628,0.206,2
2021-04-29,trade,3.81,False,False,3,1786.595,0.857,0.93,7.547,3.707,0.491,8.806,4.326,0.189,3
2021-04-30,trade,31.01,True,False,2,1767.568,1.034,1.125,7.19,4.28,0.595,6.956,4.14,0.21,4
2021-05-03,trade,-17.17,False,False,5,1771.725,0.718,0.781,6.533,3.917,0.6,9.096,5.454,0.128,0
2021-05-04,trade,19.38,True,False,2,1790.231,0.646,0.71,4.363,1.691,0.388,6.752,2.617,0.116,1
2021-05-05,trade,41.61,True,False,3,1781.048,0.693,0.773,5.797,2.42,0.417,8.36,3.49,0.12,2
2021-05-06,trade,11.97,True,False,1,1789.798,1.197,1.3,8.11,4.14,0.51,6.773,3.458,0.225,3
2021-05-07,trade,26.7,False,False,3,1817.688,1.21,1.296,5.207,3.73,0.716,4.304,3.083,0.215,4
2021-05-10,trade,10.99,True,False,1,1832.788,1.099,1.175,6.815,0.13,0.019,6.199,0.118,0.226,0
2021-05-11,trade,17.0,False,False,2,1836.798,0.927,0.986,7.08,1.6,0.226,7.639,1.726,0.203,1
2021-05-12,trade,12.04,True,False,1,1826.548,1.203,1.259,11.183,10.55,0.943,9.292,8.766,0.202,2
2021-05-13,trade,35.96,False,False,3,1819.858,1.101,1.143,9.76,3.052,0.313,8.866,2.772,0.192,3
2021-05-14,trade,31.95,True,False,2,1822.095,1.065,1.092,5.893,3.723,0.632,5.533,3.495,0.175,4
2021-05-17,trade,-9.24,False,False,2,1851.108,0.95,0.98,9.47,5.653,0.597,9.968,5.951,0.244,0
2021-05-18,trade,34.18,True,False,2,1867.755,1.139,1.185,8.567,2.107,0.246,7.52,1.849,0.187,1
2021-05-19,trade,10.42,True,False,1,1867.458,1.042,1.084,7.047,1.38,0.196,6.761,1.324,0.203,2
2021-05-20,trade,25.26,False,False,2,1874.438,1.389,1.412,11.963,6.404,0.535,8.615,4.612,0.255,3
2021-05-21,trade,10.0,True,False,1,1872.315,1.0,1.004,6.273,3.685,0.587,6.273,3.685,0.169,4
2021-05-24,trade,8.61,True,False,1,1883.225,0.861,0.865,7.2,2.427,0.337,8.358,2.817,0.203,0
2021-05-25,trade,-18.82,False,False,2,1877.368,0.879,0.885,8.214,3.24,0.394,9.341,3.685,0.214,1
2021-05-26,trade,11.14,True,False,1,1906.518,1.114,1.107,10.66,7.81,0.733,9.573,7.013,0.207,2
2021-05-27,trade,10.03,True,False,1,1896.408,1.003,0.99,5.61,0.09,0.016,5.592,0.09,0.216,3
2021-05-28,trade,8.6,True,False,1,1893.005,0.86,0.856,5.56,3.153,0.567,6.465,3.666,0.161,4
2021-05-31,trade,9.99,True,False,1,1910.115,0.999,0.981,7.897,6.487,0.821,7.903,6.492,0.182,0
2021-06-01,trade,28.66,True,False,2,1911.065,0.955,0.923,8.327,3.567,0.428,8.717,3.734,0.188,1
2021-06-02,skip,-32.36,False,False,2,1899.288,1.135,1.074,4.557,0.14,0.031,4.017,0.123,0.205,2
2021-06-03,trade,-10.81,False,False,2,1905.715,1.051,1.002,5.18,2.913,0.562,4.928,2.771,0.192,3
2021-06-04,trade,38.94,False,False,2,1866.738,2.058,1.885,16.713,4.85,0.29,8.121,2.357,0.357,4
2021-06-07,trade,8.7,True,False,1,1887.158,0.87,0.805,6.88,2.67,0.388,7.911,3.07,0.173,0
2021-06-08,trade,9.24,True,False,1,1896.148,0.924,0.855,7.32,2.45,0.335,7.926,2.653,0.155,1
2021-06-09,trade,8.71,True,False,1,1894.788,0.871,0.819,4.613,2.15,0.466,5.298,2.469,0.146,2
2021-06-10,trade,-7.57,False,False,2,1887.028,0.995,0.94,5.1,1.87,0.367,5.128,1.88,0.184,3
2021-06-11,trade,7.44,True,False,1,1899.348,0.744,0.714,3.34,0.9,0.269,4.491,1.21,0.168,4
2021-06-14,trade,108.92,False,False,5,1866.258,1.036,0.99,12.49,9.131,0.731,12.054,8.812,0.205,0
2021-06-15,trade,11.61,True,False,1,1862.138,1.161,1.109,9.25,4.956,0.536,7.966,4.268,0.234,1
2021-06-16,skip,-53.57,False,False,5,1856.248,0.806,0.779,6.8,3.567,0.525,8.434,4.424,0.135,2
2021-06-17,skip,-30.91,False,False,2,1824.238,1.323,1.282,10.91,5.55,0.509,8.246,4.195,0.231,3
2021-06-18,trade,13.12,True,False,1,1784.408,1.312,1.252,12.17,8.57,0.704,9.279,6.534,0.247,4
2021-06-21,trade,10.76,True,False,1,1775.713,1.076,1.017,8.493,7.305,0.86,7.891,6.787,0.219,0
2021-06-22,trade,19.37,False,False,3,1786.458,0.978,0.919,4.56,1.25,0.274,4.663,1.278,0.184,1
2021-06-23,trade,9.34,True,False,1,1782.528,0.934,0.886,5.76,3.54,0.615,6.165,3.789,0.158,2
2021-06-24,trade,8.38,True,False,1,1775.875,0.838,0.801,5.79,3.623,0.626,6.906,4.322,0.186,3
2021-06-25,trade,7.43,True,False,1,1777.368,0.743,0.714,5.97,1.25,0.209,8.039,1.683,0.17,4
2021-06-28,trade,-0.81,False,False,1,1779.128,1.329,1.257,12.19,3.56,0.292,9.175,2.68,0.278,0
2021-06-29,trade,-3.83,False,False,2,1775.695,0.724,0.692,4.28,1.903,0.445,5.913,2.629,0.147,1
2021-06-30,skip,-136.99,False,False,9,1763.578,0.68,0.665,5.63,2.11,0.375,8.285,3.105,0.165,2
2021-07-01,trade,30.63,True,False,2,1774.258,1.021,1.0,9.627,5.04,0.524,9.428,4.936,0.174,3
2021-07-02,trade,7.13,True,False,1,1778.248,0.713,0.748,4.8,2.05,0.427,6.731,2.875,0.152,4
2021-07-05,trade,25.0,False,False,3,1787.908,0.767,0.808,5.41,2.46,0.455,7.057,3.209,0.161,0
2021-07-06,trade,12.55,True,False,1,1797.385,1.255,1.3,8.97,5.657,0.631,7.147,4.507,0.197,1
2021-07-07,trade,8.85,True,False,1,1799.895,0.885,0.916,9.052,4.587,0.507,10.229,5.183,0.184,2
2021-07-08,trade,10.32,True,False,1,1798.218,1.032,1.066,9.14,6.9,0.755,8.86,6.688,0.173,3
2021-07-09,skip,-146.43,False,False,6,1806.245,0.945,0.966,8.43,3.287,0.39,8.923,3.479,0.2,4
2021-07-12,skip,-24.57,False,False,3,1805.155,0.859,0.886,6.51,2.623,0.403,7.579,3.054,0.182,0
2021-07-13,trade,-8.01,False,False,3,1811.678,0.941,0.983,6.34,4.8,0.757,6.734,5.099,0.129,1
2021-07-14,trade,22.93,True,False,2,1811.648,0.765,0.8,7.9,4.15,0.525,10.334,5.428,0.159,2
2021-07-15,trade,44.11,True,False,3,1825.848,0.735,0.793,4.847,0.35,0.072,6.593,0.476,0.141,3
2021-07-16,trade,43.71,True,False,3,1826.708,0.728,0.812,6.42,3.105,0.484,8.813,4.263,0.15,4
2021-07-19,trade,66.9,False,False,4,1811.828,0.821,0.928,5.52,0.02,0.004,6.724,0.024,0.164,0
2021-07-20,trade,9.28,True,False,1,1816.638,0.928,1.052,8.38,4.7,0.561,9.029,5.064,0.171,1
2021-07-21,trade,49.84,True,False,3,1806.778,0.831,0.947,4.74,2.61,0.551,5.706,3.142,0.173,2
2021-07-22,trade,17.54,True,False,2,1798.728,0.585,0.676,5.53,4.85,0.877,9.459,8.296,0.144,3
2021-07-23,trade,22.85,True,False,2,1803.788,0.762,0.88,5.55,3.62,0.652,7.288,4.753,0.156,4
2021-07-26,trade,-15.78,False,False,2,1804.835,0.789,0.942,8.86,4.107,0.464,11.223,5.202,0.152,0
2021-07-27,trade,7.92,True,False,1,1799.088,0.792,0.941,5.203,1.69,0.325,6.571,2.134,0.144,1
2021-07-28,trade,28.91,True,False,2,1804.698,0.964,1.126,6.9,5.32,0.771,7.159,5.52,0.164,2
2021-07-29,trade,1.16,False,False,1,1816.238,0.977,1.144,9.17,7.66,0.835,9.391,7.844,0.232,3
2021-07-30,trade,42.41,True,False,3,1827.348,0.707,0.828,4.43,1.83,0.413,6.267,2.589,0.162,4
2021-08-02,trade,10.96,True,False,1,1812.058,1.096,1.26,8.41,1.94,0.231,7.672,1.77,0.255,0
2021-08-03,trade,7.04,True,False,1,1811.078,0.704,0.836,4.547,1.71,0.376,6.456,2.428,0.137,1
2021-08-04,trade,7.06,True,False,1,1813.565,0.706,0.847,4.853,2.967,0.611,6.875,4.203,0.121,2
2021-08-05,trade,7.72,True,False,1,1810.495,0.772,0.941,3.47,1.363,0.393,4.493,1.765,0.123,3
2021-08-06,trade,7.05,True,False,1,1800.448,0.705,0.872,4.313,3.56,0.825,6.116,5.048,0.132,4
2021-08-09,trade,24.32,True,False,1,1739.863,2.432,2.742,56.855,35.023,0.616,23.374,14.399,0.559,0
2021-08-10,trade,1.69,False,False,3,1734.655,0.805,0.914,5.46,3.767,0.69,6.786,4.682,0.192,1
2021-08-11,trade,26.13,True,False,2,1733.158,0.871,0.984,9.63,4.46,0.463,11.056,5.121,0.152,2
2021-08-12,trade,7.75,True,False,1,1749.858,0.775,0.873,4.67,0.94,0.201,6.024,1.213,0.146,3
2021-08-13,trade,7.37,True,False,1,1755.238,0.737,0.83,5.137,1.45,0.282,6.972,1.968,0.147,4
2021-08-16,trade,-13.26,False,False,3,1779.198,0.979,1.093,5.55,0.2,0.036,5.669,0.204,0.169,0
2021-08-17,trade,9.47,True,False,1,1786.498,0.947,1.056,4.277,1.02,0.238,4.514,1.077,0.185,1
2021-08-18,trade,7.73,True,False,1,1791.155,0.773,0.865,6.617,4.907,0.742,8.559,6.347,0.133,2
2021-08-19,trade,29.6,False,False,7,1780.798,0.891,0.98,8.51,7.36,0.865,9.554,8.263,0.169,3
2021-08-20,trade,-16.74,False,False,3,1783.778,0.759,0.835,6.43,2.97,0.462,8.467,3.911,0.145,4
2021-08-23,trade,9.73,True,False,1,1787.808,0.973,1.06,11.522,9.73,0.844,11.837,9.996,0.264,0
2021-08-24,trade,2.87,False,False,2,1802.788,0.789,0.859,4.63,1.91,0.413,5.868,2.421,0.148,1
2021-08-25,trade,40.01,False,False,4,1795.788,0.932,1.017,9.12,6.63,0.727,9.784,7.113,0.184,2
2021-08-26,trade,-18.04,False,False,3,1788.708,0.674,0.748,4.73,2.14,0.452,7.015,3.174,0.133,3
2021-08-27,trade,-18.28,False,False,3,1797.218,0.904,0.992,6.32,4.463,0.706,6.992,4.938,0.141,4
2021-08-30,skip,-20.97,False,False,2,1813.488,1.008,1.111,9.821,4.33,0.441,9.748,4.298,0.233,0
2021-08-31,skip,-27.43,False,False,5,1812.558,0.664,0.734,4.57,2.53,0.554,6.885,3.811,0.126,1
2021-09-01,trade,4.6,False,False,2,1813.888,0.887,0.97,5.1,0.01,0.002,5.752,0.011,0.184,2
2021-09-02,skip,-23.21,False,False,4,1813.158,0.572,0.633,3.15,0.681,0.216,5.508,1.191,0.129,3
2021-09-03,trade,7.2,True,False,1,1813.165,0.72,0.796,5.86,4.187,0.715,8.143,5.818,0.142,4
2021-09-06,trade,8.0,False,False,3,1827.448,0.673,0.824,3.56,1.1,0.309,5.288,1.634,0.18,0
2021-09-07,skip,-145.0,False,False,7,1825.958,0.637,0.788,4.649,3.44,0.74,7.297,5.399,0.126,1
2021-09-08,skip,-21.38,False,False,4,1800.3,0.691,0.864,6.39,5.142,0.805,9.252,7.445,0.133,2
2021-09-09,trade,6.33,True,False,1,1789.428,0.633,0.799,3.78,0.286,0.076,5.969,0.452,0.135,3
2021-09-10,skip,-48.92,False,False,3,1799.688,0.995,1.236,7.276,4.55,0.625,7.315,4.574,0.177,4
2021-09-13,trade,28.41,False,False,3,1789.925,0.838,1.05,6.69,1.621,0.242,7.984,1.935,0.193,0
2021-09-14,trade,7.47,True,False,1,1791.378,0.747,0.949,3.519,1.426,0.405,4.708,1.908,0.131,1
2021-09-15,trade,8.22,True,False,1,1802.725,0.822,1.04,3.269,1.192,0.365,3.978,1.451,0.14,2
2021-09-16,trade,5.95,True,False,1,1794.124,0.595,0.767,3.746,0.12,0.032,6.293,0.202,0.157,3
2021-09-17,trade,7.84,True,False,1,1757.994,0.784,1.009,4.84,4.276,0.883,6.174,5.455,0.186,4
2021-09-20,trade,54.45,True,False,2,1748.644,1.815,2.216,13.05,5.344,0.41,7.19,2.944,0.26,0
2021-09-21,trade,6.14,True,False,1,1762.728,0.614,0.757,3.76,1.32,0.351,6.128,2.151,0.122,1
2021-09-22,skip,-27.92,False,False,4,1778.648,0.686,0.86,6.89,4.464,0.648,10.037,6.503,0.211,2
2021-09-23,trade,0.58,False,False,1,1762.974,1.158,1.408,7.88,5.244,0.665,6.807,4.53,0.215,3
2021-09-24,trade,8.63,True,False,1,1751.764,0.863,1.052,7.43,7.156,0.963,8.611,8.293,0.148,4
2021-09-27,trade,7.88,True,False,1,1759.684,0.788,0.974,12.644,10.61,0.839,16.052,13.469,0.166,0
2021-09-28,trade,34.4,False,False,4,1752.544,0.794,0.974,7.316,1.256,0.172,9.209,1.581,0.168,1
2021-09-29,trade,9.06,True,False,1,1739.968,0.906,1.11,8.06,5.54,0.687,8.896,6.115,0.183,2
2021-09-30,trade,46.12,True,False,3,1732.288,0.769,0.93,6.45,4.95,0.767,8.391,6.439,0.193,3
2021-10-01,trade,11.16,False,False,4,1755.338,0.932,1.113,6.297,0.05,0.008,6.76,0.054,0.185,4
2021-10-04,trade,8.06,True,False,1,1758.938,0.806,0.955,7.3,4.86,0.666,9.06,6.032,0.147,0
2021-10-05,skip,-21.78,False,False,6,1761.828,0.708,0.835,7.61,6.85,0.9,10.753,9.679,0.135,1
2021-10-06,trade,9.55,True,False,1,1755.528,0.955,1.11,5.88,4.08,0.694,6.156,4.272,0.158,2
2021-10-07,trade,6.69,True,False,1,1758.715,0.669,0.776,5.823,3.633,0.624,8.701,5.429,0.113,3
2021-10-08,trade,7.61,True,False,1,1759.575,0.76,0.894,7.08,4.427,0.625,9.31,5.821,0.191,4
2021-10-11,trade,-11.67,False,False,6,1759.208,0.722,0.855,7.61,4.253,0.559,10.534,5.887,0.169,0
2021-10-12,trade,6.83,True,False,1,1758.568,0.683,0.812,8.18,4.99,0.61,11.968,7.301,0.166,1
2021-10-13,trade,23.33,False,False,3,1760.588,0.834,0.99,3.513,0.44,0.125,4.213,0.528,0.15,2
2021-10-14,trade,8.31,True,False,1,1788.318,0.831,0.973,7.14,4.63,0.648,8.596,5.574,0.133,3
2021-10-15,trade,7.01,True,False,1,1795.398,0.701,0.825,2.64,0.39,0.148,3.767,0.556,0.124,4
2021-10-18,skip,-20.28,False,False,6,1770.768,0.663,0.838,4.184,2.36,0.564,6.307,3.557,0.151,0
2021-10-19,trade,8.22,True,False,1,1774.078,0.822,1.025,11.65,10.43,0.895,14.169,12.685,0.144,1
2021-10-20,trade,8.98,True,False,1,1774.078,0.898,1.105,7.454,5.134,0.689,8.299,5.716,0.156,2
2021-10-21,skip,-32.22,False,False,3,1787.444,0.898,1.122,8.25,5.476,0.664,9.187,6.098,0.172,3
2021-10-22,trade,7.11,True,False,1,1786.598,0.711,0.897,3.604,2.92,0.81,5.067,4.105,0.129,4
2021-10-25,skip,-121.15,False,False,6,1795.018,0.889,1.114,5.65,1.154,0.204,6.357,1.298,0.177,0
2021-10-26,trade,7.78,True,False,1,1804.204,0.778,0.977,5.6,3.02,0.539,7.197,3.881,0.147,1
2021-10-27,trade,6.52,True,False,1,1788.314,0.652,0.831,6.31,3.684,0.584,9.68,5.652,0.148,2
2021-10-28,trade,11.27,True,False,1,1799.482,1.127,1.405,9.114,2.884,0.316,8.09,2.56,0.207,3
2021-10-29,trade,7.65,True,False,1,1796.044,0.765,0.964,5.19,3.48,0.671,6.784,4.549,0.151,4
2021-11-01,trade,-11.96,False,False,2,1785.724,0.912,1.141,8.26,4.996,0.605,9.057,5.478,0.188,0
2021-11-02,trade,6.61,True,False,1,1790.588,0.661,0.83,3.52,1.17,0.332,5.324,1.77,0.143,1
2021-11-03,trade,9.01,True,False,1,1780.618,0.901,1.134,7.52,6.28,0.835,8.35,6.973,0.158,2
2021-11-04,trade,8.75,True,False,1,1776.128,0.875,1.088,4.83,2.44,0.505,5.521,2.789,0.184,3
2021-11-05,trade,7.57,True,False,1,1793.838,0.757,0.941,6.08,2.58,0.424,8.035,3.409,0.153,4
2021-11-08,trade,10.9,True,False,1,1819.413,1.09,1.326,8.195,1.03,0.126,7.516,0.945,0.267,0
2021-11-09,trade,10.5,True,False,1,1822.888,1.05,1.249,5.33,0.298,0.056,5.074,0.284,0.191,1
2021-11-10,trade,8.83,True,False,1,1827.073,0.883,1.047,5.485,4.305,0.785,6.21,4.874,0.148,2
2021-11-11,trade,19.63,False,False,11,1844.098,0.859,1.017,9.66,4.39,0.454,11.245,5.11,0.179,3
2021-11-12,trade,9.71,True,False,1,1856.774,0.971,1.132,7.01,4.284,0.611,7.218,4.411,0.171,4
2021-11-15,trade,13.07,True,False,1,1859.485,1.307,1.468,12.268,9.879,0.805,9.388,7.56,0.263,0
2021-11-16,trade,29.05,True,False,2,1867.348,0.968,1.079,7.034,5.14,0.731,7.264,5.308,0.18,1
2021-11-17,trade,30.34,False,False,3,1855.768,1.153,1.266,6.65,5.9,0.887,5.769,5.118,0.218,2
2021-11-18,trade,32.12,True,False,2,1866.758,1.071,1.165,5.486,0.31,0.057,5.123,0.29,0.161,3
2021-11-19,trade,3.26,False,False,2,1861.708,0.655,0.715,5.01,3.67,0.733,7.644,5.599,0.139,4
2021-11-22,trade,8.33,True,False,1,1846.414,0.833,0.912,9.806,0.12,0.012,11.77,0.144,0.186,0
2021-11-23,trade,-6.44,False,False,2,1809.738,1.285,1.369,6.784,4.094,0.603,5.278,3.185,0.23,1
2021-11-24,trade,10.34,True,False,1,1794.078,1.034,1.079,7.63,5.51,0.722,7.379,5.329,0.197,2
2021-11-25,trade,-0.49,False,False,1,1792.605,0.718,0.765,8.227,3.217,0.391,11.465,4.483,0.163,3
2021-11-26,skip,-25.45,False,False,6,1794.055,0.779,0.83,4.957,3.257,0.657,6.365,4.182,0.176,4
2021-11-29,trade,10.07,True,False,1,1795.135,1.007,1.068,20.322,4.94,0.243,20.172,4.904,0.237,0
2021-11-30,trade,7.89,True,False,1,1788.468,0.789,0.831,7.37,5.283,0.717,9.34,6.695,0.191,1
2021-12-01,trade,11.95,True,False,1,1778.168,1.195,1.24,7.296,3.123,0.428,6.104,2.613,0.254,2
2021-12-02,skip,-80.89,False,False,5,1780.968,0.821,0.854,3.8,0.817,0.215,4.63,0.995,0.166,3
2021-12-03,trade,16.19,False,False,2,1771.638,0.933,0.962,5.203,3.433,0.66,5.577,3.68,0.166,4
2021-12-06,skip,-135.65,False,False,7,1786.718,0.776,0.813,7.097,2.363,0.333,9.142,3.044,0.181,0
2021-12-07,trade,-3.45,False,False,5,1780.018,0.634,0.679,4.197,1.723,0.411,6.624,2.719,0.124,1
2021-12-08,trade,34.48,False,False,3,1790.028,0.765,0.824,7.6,6.303,0.829,9.939,8.243,0.127,2
2021-12-09,skip,-25.87,False,False,4,1783.258,0.672,0.732,3.393,0.89,0.262,5.048,1.324,0.12,3
2021-12-10,trade,18.9,True,False,2,1777.788,0.63,0.699,4.88,3.123,0.64,7.746,4.957,0.117,4
2021-12-13,trade,8.58,True,False,1,1785.688,0.858,0.977,6.357,2.633,0.414,7.406,3.067,0.145,0
2021-12-14,trade,6.48,True,False,1,1786.868,0.648,0.75,4.51,0.813,0.18,6.965,1.256,0.133,1
2021-12-15,trade,-6.07,False,False,4,1772.208,0.633,0.756,3.947,0.783,0.198,6.24,1.238,0.128,2
2021-12-16,trade,8.42,True,False,1,1782.405,0.842,1.021,8.76,6.18,0.705,10.399,7.336,0.161,3
2021-12-17,trade,11.83,True,False,1,1802.395,1.183,1.389,7.1,3.847,0.542,6.004,3.253,0.19,4
2021-12-20,trade,6.55,True,False,1,1801.885,0.655,0.777,3.875,2.44,0.63,5.915,3.725,0.131,0
2021-12-21,trade,7.55,True,False,1,1791.068,0.754,0.924,3.04,1.263,0.415,4.029,1.674,0.132,1
2021-12-22,trade,29.89,True,False,3,1788.798,0.498,0.631,2.903,0.623,0.215,5.827,1.25,0.082,2
2021-12-23,trade,13.38,False,False,2,1806.599,0.755,0.954,5.38,2.804,0.521,7.124,3.713,0.148,3
2021-12-27,trade,6.94,True,False,1,1809.774,0.694,0.881,6.106,1.23,0.201,8.802,1.773,0.122,0
2021-12-28,trade,-3.73,False,False,2,1809.118,0.522,0.685,4.14,1.95,0.471,7.925,3.733,0.088,1
2021-12-29,trade,-13.68,False,False,2,1807.388,0.706,0.93,3.64,1.82,0.5,5.156,2.578,0.118,2
2021-12-30,trade,18.79,True,False,2,1801.515,0.626,0.858,4.283,2.513,0.587,6.838,4.012,0.093,3
2021-12-31,trade,8.34,True,False,1,1817.748,0.834,1.141,4.746,3.353,0.706,5.692,4.021,0.163,4
2022-01-03,trade,5.2,False,False,2,1826.088,0.753,1.043,6.036,2.516,0.417,8.013,3.34,0.143,0
2022-01-04,trade,-18.56,False,False,2,1805.318,0.768,1.064,6.59,4.914,0.746,8.582,6.399,0.17,1
2022-01-05,trade,6.35,True,False,1,1815.458,0.635,0.88,3.45,1.75,0.507,5.432,2.755,0.094,2
2022-01-06,skip,-83.4,False,False,5,1809.038,0.701,0.975,4.48,1.136,0.254,6.394,1.621,0.157,3
2022-01-07,trade,0.29,False,False,2,1791.478,0.683,0.95,2.88,0.94,0.326,4.218,1.377,0.119,4
2022-01-10,trade,-10.43,False,False,3,1794.278,0.851,1.166,4.68,0.323,0.069,5.498,0.379,0.181,0
2022-01-11,trade,-4.36,False,False,5,1805.028,0.544,0.762,6.286,4.008,0.638,11.549,7.364,0.129,1
2022-01-12,trade,20.96,True,False,2,1819.268,0.699,0.975,4.087,1.21,0.296,5.851,1.732,0.156,2
2022-01-13,trade,-10.0,False,False,4,1824.238,0.524,0.737,2.551,0.81,0.318,4.868,1.546,0.11,3
2022-01-14,trade,4.43,False,False,2,1825.064,0.808,1.138,6.0,2.827,0.471,7.429,3.5,0.152,4
2022-01-17,trade,6.15,True,False,1,1818.098,0.615,0.903,6.254,1.054,0.169,10.17,1.714,0.126,0
2022-01-18,trade,14.35,True,False,2,1821.684,0.478,0.711,4.37,3.78,0.865,9.138,7.904,0.097,1
2022-01-19,trade,20.94,True,False,2,1811.598,0.698,1.043,4.024,0.92,0.229,5.764,1.318,0.123,2
2022-01-20,trade,10.43,True,False,1,1839.884,1.043,1.497,6.14,0.28,0.046,5.885,0.268,0.172,3
2022-01-21,trade,0.0,False,False,0,1841.028,0.969,1.369,5.286,2.53,0.479,5.456,2.612,0.151,4
2022-01-24,trade,7.75,True,False,1,1836.494,0.775,1.089,5.91,1.97,0.333,7.628,2.543,0.142,0
2022-01-25,trade,6.28,True,False,1,1840.078,0.627,0.875,4.217,2.59,0.614,6.72,4.127,0.12,1
2022-01-26,trade,6.02,True,False,1,1847.558,0.602,0.846,3.57,0.634,0.178,5.928,1.053,0.11,2
2022-01-27,trade,14.76,True,False,1,1816.348,1.476,1.957,9.096,2.64,0.29,6.164,1.789,0.232,3
2022-01-28,trade,6.37,True,False,1,1798.505,0.637,0.856,4.273,2.267,0.531,6.707,3.558,0.12,4
2022-01-31,trade,22.26,False,False,4,1788.408,0.727,0.978,5.72,3.52,0.615,7.872,4.844,0.139,0
2022-02-01,trade,50.02,True,False,4,1797.748,0.5,0.686,2.82,0.423,0.15,5.638,0.846,0.094,1
2022-02-02,trade,-12.73,False,False,2,1798.608,0.489,0.677,3.39,1.21,0.357,6.933,2.474,0.082,2
2022-02-03,trade,18.17,True,False,2,1806.398,0.606,0.844,3.057,0.03,0.01,5.048,0.05,0.107,3
2022-02-04,trade,4.73,True,False,1,1806.035,0.473,0.669,3.657,2.227,0.609,7.736,4.711,0.098,4
2022-02-07,trade,-1.63,False,False,1,1809.518,0.674,0.965,8.53,2.799,0.328,12.662,4.155,0.198,0
2022-02-08,trade,5.84,True,False,1,1822.028,0.584,0.834,3.261,2.09,0.641,5.587,3.581,0.116,1
2022-02-09,trade,6.78,True,False,1,1827.428,0.678,0.97,3.146,2.134,0.678,4.64,3.147,0.102,2
2022-02-10,trade,4.89,True,False,1,1834.128,0.489,0.701,3.224,0.964,0.299,6.595,1.972,0.108,3
2022-02-11,skip,-51.53,False,False,6,1826.748,0.559,0.816,4.214,0.324,0.077,7.543,0.58,0.129,4
2022-02-14,skip,-30.46,False,False,3,1854.668,0.984,1.399,8.22,4.565,0.555,8.351,4.638,0.186,0
2022-02-15,trade,9.65,True,False,1,1876.198,0.965,1.326,6.696,5.119,0.764,6.941,5.307,0.191,1
2022-02-16,trade,7.08,True,False,1,1852.254,0.708,0.972,4.42,0.9,0.204,6.246,1.272,0.14,2
2022-02-17,trade,7.88,True,False,1,1868.754,0.788,1.102,3.93,1.094,0.278,4.986,1.388,0.152,3
2022-02-18,trade,12.88,True,False,1,1890.728,1.288,1.762,14.12,7.39,0.523,10.96,5.736,0.268,4
2022-02-21,trade,10.04,True,False,1,1897.318,1.004,1.352,16.65,3.5,0.21,16.58,3.485,0.315,0
2022-02-22,trade,-3.65,False,False,1,1909.468,1.225,1.585,8.835,0.72,0.081,7.212,0.588,0.233,1
2022-02-23,trade,7.61,True,False,1,1899.458,0.761,0.975,3.52,1.11,0.315,4.625,1.458,0.121,2
2022-02-24,skip,-533.93,False,True,8,1920.818,1.552,1.978,12.38,11.33,0.915,7.979,7.302,0.258,3
2022-02-25,trade,17.67,True,False,1,1913.148,1.767,2.101,19.37,9.43,0.487,10.96,5.336,0.423,4
2022-02-28,trade,16.38,True,False,1,1909.398,1.638,1.848,26.74,9.808,0.367,16.323,5.987,0.287,0
2022-03-01,trade,8.94,True,False,1,1903.288,0.894,0.986,7.52,5.35,0.711,8.414,5.986,0.16,1
2022-03-02,trade,10.94,False,False,2,1938.078,1.658,1.719,14.38,6.239,0.434,8.672,3.763,0.266,2
2022-03-03,trade,10.27,True,False,1,1928.568,1.027,1.042,4.708,0.37,0.079,4.582,0.36,0.167,3
2022-03-04,trade,18.09,True,False,1,1939.121,1.809,1.719,21.405,3.683,0.172,11.83,2.036,0.431,4
2022-03-07,trade,25.77,True,False,1,1986.882,2.577,2.245,26.748,12.41,0.464,10.379,4.815,0.453,0
2022-03-08,trade,49.42,True,False,2,1988.928,1.647,1.372,18.99,7.88,0.415,11.528,4.784,0.354,1
2022-03-09,trade,29.03,True,False,1,2052.548,2.903,2.212,20.29,2.886,0.142,6.99,0.994,0.453,2
2022-03-10,trade,18.56,True,False,1,1974.598,1.856,1.344,22.98,15.23,0.663,12.384,8.208,0.449,3
2022-03-11,skip,-142.82,False,False,7,1994.622,1.183,0.838,10.69,0.316,0.03,9.033,0.267,0.258,4
2022-03-14,trade,11.23,True,False,1,1972.472,1.123,0.792,10.91,7.706,0.706,9.711,6.859,0.274,0
2022-03-15,skip,-108.95,False,False,4,1942.968,1.623,1.118,14.993,10.254,0.684,9.236,6.317,0.279,1
2022-03-16,skip,-30.83,False,False,4,1920.368,1.178,0.798,8.715,4.39,0.504,7.4,3.728,0.232,2
2022-03-17,trade,14.74,False,False,2,1934.268,1.358,0.903,10.88,8.795,0.808,8.011,6.476,0.242,3
2022-03-18,trade,166.61,True,False,4,1933.648,1.666,1.094,12.495,7.33,0.587,7.499,4.399,0.248,4
2022-03-21,trade,9.86,True,False,1,1926.258,0.986,0.648,10.54,6.32,0.6,10.689,6.409,0.202,0
2022-03-22,trade,9.74,True,False,1,1935.578,0.974,0.645,7.775,0.49,0.063,7.986,0.503,0.163,1
2022-03-23,trade,9.49,True,False,1,1923.028,0.949,0.625,8.485,2.62,0.309,8.942,2.761,0.163,2
2022-03-24,trade,10.68,True,False,1,1941.328,1.068,0.715,8.971,3.61,0.402,8.399,3.38,0.203,3
2022-03-25,trade,32.04,True,False,2,1960.892,1.068,0.732,6.55,2.715,0.415,6.133,2.542,0.179,4
2022-03-28,skip,-86.25,False,False,4,1948.086,1.561,1.072,13.451,7.342,0.546,8.618,4.704,0.302,0
2022-03-29,skip,-113.63,False,False,6,1927.733,0.986,0.675,7.844,5.175,0.66,7.955,5.248,0.196,1
2022-03-30,trade,13.79,True,False,1,1923.268,1.379,0.953,9.61,3.69,0.384,6.97,2.676,0.216,2
2022-03-31,trade,13.79,True,False,1,1925.038,1.379,0.942,9.35,7.555,0.808,6.781,5.479,0.223,3
2022-04-01,skip,-30.46,False,False,5,1933.818,0.937,0.66,6.105,1.47,0.241,6.516,1.569,0.159,4
2022-04-04,trade,10.42,True,False,1,1919.068,1.042,0.775,8.56,3.94,0.46,8.218,3.782,0.145,0
2022-04-05,trade,8.1,True,False,1,1928.168,0.81,0.622,5.9,4.84,0.82,7.284,5.975,0.124,1
2022-04-06,trade,11.11,True,False,1,1923.088,1.111,0.917,8.62,0.379,0.044,7.756,0.341,0.24,2
2022-04-07,skip,-21.93,False,False,3,1924.758,1.152,0.979,6.256,1.17,0.187,5.429,1.015,0.174,3
2022-04-08,trade,9.04,True,False,1,1930.028,0.904,0.778,6.14,1.01,0.164,6.789,1.117,0.142,4
2022-04-11,trade,38.43,True,False,2,1943.488,1.281,1.094,7.5,3.354,0.447,5.855,2.618,0.205,0
2022-04-12,trade,20.16,False,False,3,1956.558,1.026,0.899,8.026,4.676,0.583,7.823,4.558,0.168,1
2022-04-13,trade,9.84,True,False,1,1970.678,0.984,0.87,8.56,3.94,0.46,8.695,4.002,0.174,2
2022-04-14,trade,9.69,True,False,1,1977.488,0.969,0.872,6.79,0.674,0.099,7.005,0.695,0.158,3
2022-04-18,trade,11.11,True,False,1,1982.628,1.111,1.025,10.387,4.17,0.401,9.346,3.752,0.234,0
2022-04-19,trade,9.06,True,False,1,1977.158,0.906,0.839,4.09,0.286,0.07,4.514,0.316,0.151,1
2022-04-20,trade,14.15,True,False,1,1946.538,1.415,1.284,8.8,3.195,0.363,6.219,2.258,0.24,2
2022-04-21,trade,9.06,True,False,1,1951.889,0.906,0.823,6.05,3.469,0.573,6.68,3.83,0.188,3
2022-04-22,trade,11.9,True,False,1,1947.308,1.19,1.076,6.734,3.87,0.575,5.658,3.252,0.223,4
2022-04-25,trade,15.54,True,False,1,1923.988,1.554,1.375,11.015,6.29,0.571,7.087,4.047,0.25,0
2022-04-26,trade,12.47,True,False,1,1903.378,1.247,1.119,6.845,4.07,0.595,5.49,3.264,0.239,1
2022-04-27,trade,12.7,True,False,1,1898.768,1.27,1.125,8.57,5.625,0.656,6.748,4.429,0.209,2
2022-04-28,skip,-73.8,False,False,7,1882.798,0.931,0.842,6.0,1.98,0.33,6.442,2.126,0.188,3
2022-04-29,skip,-75.43,False,False,3,1900.653,1.315,1.192,13.27,7.845,0.591,10.089,5.964,0.257,4
2022-05-02,trade,14.6,True,False,1,1887.658,1.46,1.293,15.42,10.3,0.668,10.564,7.056,0.186,0
2022-05-03,skip,-235.05,False,False,7,1865.163,0.982,0.872,7.42,1.57,0.212,7.558,1.599,0.184,1
2022-05-04,trade,26.06,True,False,2,1863.405,0.869,0.769,7.795,5.298,0.68,8.975,6.1,0.182,2
2022-05-05,trade,11.48,True,False,1,1899.508,1.148,1.015,20.67,16.87,0.816,18.002,14.692,0.315,3
2022-05-06,trade,13.61,False,False,1,1875.498,1.516,1.319,11.837,2.34,0.198,7.807,1.543,0.297,4
2022-05-09,trade,12.72,True,False,1,1874.498,1.272,1.089,8.95,7.01,0.783,7.035,5.51,0.25,0
2022-05-10,trade,14.26,False,False,3,1860.068,1.508,1.279,9.04,7.4,0.819,5.996,4.908,0.241,1
2022-05-11,trade,36.37,True,False,2,1838.418,1.212,1.02,8.06,0.02,0.002,6.647,0.016,0.184,2
2022-05-12,trade,13.02,True,False,1,1853.098,1.302,1.081,6.97,0.57,0.082,5.352,0.438,0.2,3
2022-05-13,trade,11.17,True,False,1,1824.768,1.117,0.922,6.565,5.695,0.867,5.878,5.099,0.213,4
2022-05-16,skip,-39.91,False,False,3,1811.818,1.375,1.122,7.86,0.89,0.113,5.717,0.647,0.257,0
2022-05-17,trade,34.46,True,False,2,1824.678,1.149,0.929,7.04,0.27,0.038,6.128,0.235,0.224,1
2022-05-18,skip,-23.7,False,False,3,1812.398,1.24,1.01,6.76,1.81,0.268,5.452,1.46,0.212,2
2022-05-19,trade,24.7,True,False,2,1815.508,0.823,0.673,3.366,1.6,0.475,4.088,1.943,0.135,3
2022-05-20,skip,-47.04,False,False,6,1838.573,0.8,0.664,8.12,3.205,0.395,10.146,4.005,0.153,4
2022-05-23,trade,-3.28,False,False,2,1852.338,1.297,1.089,8.085,4.89,0.605,6.231,3.769,0.213,0
2022-05-24,skip,-116.07,False,False,9,1850.708,0.706,0.606,5.77,2.66,0.461,8.172,3.767,0.154,1
2022-05-25,trade,10.93,True,False,1,1860.878,1.093,0.946,8.335,5.24,0.629,7.627,4.795,0.166,2
2022-05-26,skip,-174.0,False,False,7,1851.848,1.004,0.866,5.15,1.2,0.233,5.132,1.196,0.147,3
2022-05-27,trade,10.85,True,False,1,1853.604,1.085,0.945,8.485,2.406,0.284,7.823,2.218,0.192,4
2022-05-30,trade,10.89,True,False,1,1858.878,1.089,0.964,12.04,8.07,0.67,11.061,7.414,0.211,0
2022-05-31,trade,27.64,True,False,2,1851.138,0.921,0.818,9.13,3.07,0.336,9.91,3.332,0.187,1
2022-06-01,skip,-58.55,False,False,5,1836.908,1.01,0.891,4.8,0.78,0.163,4.754,0.773,0.198,2
2022-06-02,trade,13.03,False,False,2,1844.188,0.814,0.729,4.905,2.866,0.584,6.023,3.519,0.128,3
2022-06-03,skip,-37.53,False,False,5,1870.063,0.63,0.587,5.919,0.685,0.116,9.398,1.088,0.128,4
2022-06-06,trade,-1.76,False,False,3,1854.408,0.573,0.553,4.475,2.49,0.556,7.807,4.344,0.133,0
2022-06-07,trade,8.67,True,False,1,1841.363,0.867,0.863,4.96,0.245,0.049,5.72,0.283,0.195,1
2022-06-08,trade,70.49,True,False,4,1848.933,0.705,0.719,5.47,3.6,0.658,7.76,5.107,0.154,2
2022-06-09,trade,5.57,False,False,3,1852.828,0.725,0.763,3.36,0.895,0.266,4.632,1.234,0.131,3
2022-06-10,trade,22.19,True,False,2,1845.883,0.74,0.793,3.33,0.585,0.176,4.502,0.791,0.138,4
2022-06-13,trade,29.63,True,False,2,1863.478,0.988,1.082,17.33,12.64,0.729,17.547,12.798,0.204,0
2022-06-14,trade,32.46,True,False,2,1826.835,1.082,1.19,9.575,5.812,0.607,8.848,5.371,0.193,1
2022-06-15,trade,-8.49,False,False,4,1817.188,0.923,1.033,11.66,8.57,0.735,12.631,9.284,0.188,2
2022-06-16,trade,26.82,True,False,2,1831.748,0.894,0.996,6.711,1.66,0.247,7.507,1.857,0.17,3
2022-06-17,trade,13.55,True,False,1,1843.668,1.355,1.464,10.154,6.93,0.682,7.496,5.116,0.226,4
2022-06-20,trade,34.99,False,False,2,1842.198,1.453,1.558,8.67,3.375,0.389,5.967,2.323,0.256,0
2022-06-21,trade,7.55,True,False,1,1839.928,0.755,0.807,5.2,2.014,0.387,6.887,2.668,0.151,1
2022-06-22,trade,10.61,True,False,1,1827.758,1.061,1.136,6.3,3.31,0.525,5.939,3.12,0.172,2
2022-06-23,trade,9.82,True,False,1,1833.313,0.982,1.053,6.18,4.295,0.695,6.292,4.373,0.192,3
2022-06-24,trade,76.96,True,False,4,1826.068,0.77,0.839,4.854,1.93,0.398,6.307,2.508,0.205,4
2022-06-27,trade,8.64,True,False,1,1835.468,0.864,0.954,8.705,1.805,0.207,10.08,2.09,0.193,0
2022-06-28,trade,21.74,False,False,3,1824.328,0.832,0.924,3.23,2.069,0.641,3.881,2.486,0.166,1
2022-06-29,trade,6.7,True,False,1,1821.068,0.67,0.758,4.82,1.51,0.313,7.193,2.253,0.121,2
2022-06-30,trade,8.26,True,False,1,1819.703,0.826,0.934,4.505,1.435,0.319,5.454,1.737,0.123,3
2022-07-01,trade,8.56,True,False,1,1804.244,0.856,0.955,3.77,1.894,0.502,4.405,2.213,0.163,4
2022-07-04,trade,-4.64,False,False,3,1809.498,1.196,1.29,8.82,0.33,0.037,7.376,0.276,0.233,0
2022-07-05,trade,-14.79,False,False,2,1809.518,0.871,0.939,5.62,0.41,0.073,6.451,0.471,0.17,1
2022-07-06,trade,12.0,True,False,1,1770.678,1.2,1.26,5.18,2.72,0.525,4.316,2.267,0.247,2
2022-07-07,trade,26.13,False,False,2,1743.874,1.2,1.23,8.096,4.856,0.6,6.745,4.045,0.196,3
2022-07-08,trade,30.42,True,False,2,1742.658,1.014,1.025,7.69,3.004,0.391,7.584,2.963,0.167,4
2022-07-11,trade,10.27,True,False,1,1741.468,1.027,1.036,5.71,2.06,0.361,5.559,2.005,0.216,0
2022-07-12,skip,-150.86,False,False,5,1735.308,1.328,1.323,21.05,1.78,0.085,15.856,1.341,0.592,1
2022-07-13,skip,-21.62,False,False,2,1728.038,1.159,1.142,5.986,2.49,0.416,5.163,2.148,0.215,2
2022-07-14,trade,85.11,True,False,3,1729.164,1.418,1.361,8.954,5.134,0.573,6.313,3.619,0.21,3
2022-07-15,trade,-16.45,False,False,3,1712.594,1.326,1.274,7.38,2.296,0.311,5.566,1.732,0.187,4
2022-07-18,trade,82.3,False,False,5,1713.648,0.729,0.726,7.556,4.824,0.638,10.37,6.621,0.187,0
2022-07-19,trade,1.8,False,False,3,1706.814,0.812,0.806,3.6,1.03,0.286,4.434,1.269,0.147,1
2022-07-20,trade,24.85,True,False,2,1711.108,0.828,0.832,3.3,0.828,0.251,3.984,1.0,0.166,2
2022-07-21,trade,10.17,True,False,1,1692.508,1.017,1.02,6.06,3.35,0.553,5.958,3.294,0.214,3
2022-07-22,trade,7.67,True,False,1,1714.184,0.767,0.769,5.455,3.004,0.551,7.111,3.916,0.158,4
2022-07-25,trade,8.48,True,False,1,1727.198,0.848,0.851,7.73,1.17,0.151,9.112,1.379,0.188,0
2022-07-26,skip,-60.63,False,False,4,1725.268,0.89,0.89,9.926,6.78,0.683,11.156,7.62,0.189,1
2022-07-27,trade,45.17,True,False,3,1715.758,0.753,0.75,4.286,2.32,0.541,5.693,3.082,0.176,2
2022-07-28,trade,12.13,True,False,1,1737.808,1.213,1.186,7.696,2.43,0.316,6.343,2.003,0.219,3
2022-07-29,trade,7.83,True,False,1,1755.308,0.782,0.768,3.616,0.11,0.03,4.621,0.141,0.144,4
2022-08-01,skip,-92.36,False,False,6,1764.504,0.816,0.816,5.396,1.38,0.256,6.611,1.691,0.165,0
2022-08-02,skip,-20.87,False,False,2,1775.488,1.018,1.01,9.67,3.924,0.406,9.502,3.856,0.182,1
2022-08-03,skip,-46.82,False,False,4,1765.141,1.105,1.103,12.197,5.653,0.463,11.034,5.114,0.26,2
2022-08-04,trade,-7.44,False,False,3,1769.098,0.849,0.862,6.336,5.868,0.926,7.464,6.912,0.159,3
2022-08-05,trade,-1.08,False,False,2,1790.86,0.833,0.854,6.11,0.012,0.002,7.333,0.014,0.176,4
2022-08-08,trade,22.62,True,False,2,1773.514,0.754,0.784,4.334,0.114,0.026,5.748,0.151,0.148,0
2022-08-09,trade,39.81,True,False,3,1785.214,0.664,0.714,7.526,2.914,0.387,11.343,4.392,0.145,1
2022-08-10,skip,-79.02,False,False,6,1793.658,0.648,0.717,3.554,0.09,0.025,5.487,0.139,0.125,2
2022-08-11,trade,29.31,True,False,2,1785.248,0.977,1.108,7.93,5.78,0.729,8.118,5.917,0.16,3
2022-08-12,trade,21.53,False,False,5,1788.678,0.709,0.833,3.52,0.964,0.274,4.966,1.36,0.149,4
2022-08-15,trade,-0.68,False,False,3,1796.178,0.859,1.002,6.96,3.92,0.563,8.106,4.565,0.163,0
2022-08-16,trade,13.58,False,False,2,1782.368,0.882,1.025,5.976,3.95,0.661,6.776,4.479,0.149,1
2022-08-17,trade,20.47,True,False,2,1776.175,0.682,0.8,3.17,1.077,0.34,4.647,1.579,0.143,2
2022-08-18,trade,3.34,False,False,5,1765.088,0.702,0.838,5.346,3.0,0.561,7.612,4.272,0.145,3
2022-08-19,skip,-81.35,False,False,5,1757.394,0.983,1.159,5.57,0.176,0.032,5.666,0.179,0.178,4
2022-08-22,trade,7.91,True,False,1,1747.838,0.791,0.935,3.34,0.834,0.25,4.224,1.055,0.169,0
2022-08-23,trade,8.65,True,False,1,1738.388,0.865,1.025,6.379,2.79,0.437,7.371,3.224,0.177,1
2022-08-24,trade,7.16,True,False,1,1744.254,0.716,0.849,3.68,2.584,0.702,5.143,3.611,0.129,2
2022-08-25,trade,21.74,True,False,2,1755.731,0.725,0.886,6.746,4.583,0.679,9.31,6.325,0.138,3
2022-08-26,trade,6.33,True,False,1,1755.258,0.633,0.781,4.934,1.87,0.379,7.798,2.956,0.127,4
2022-08-29,skip,-30.05,False,False,5,1726.448,0.926,1.135,13.34,9.34,0.7,14.4,10.083,0.236,0
2022-08-30,trade,26.76,True,False,2,1735.918,0.892,1.102,6.633,1.516,0.229,7.437,1.7,0.179,1
2022-08-31,trade,10.15,True,False,1,1722.918,1.015,1.261,3.944,0.13,0.033,3.885,0.128,0.147,2
2022-09-01,trade,24.75,True,False,2,1704.494,0.825,1.026,9.044,6.564,0.726,10.961,7.956,0.158,3
2022-09-02,trade,7.96,True,False,1,1698.638,0.796,0.993,4.296,3.19,0.743,5.396,4.006,0.156,4
2022-09-05,trade,15.45,False,False,3,1711.108,0.925,1.142,5.09,1.014,0.199,5.5,1.096,0.163,0
2022-09-06,skip,-99.2,False,False,5,1719.628,0.817,0.998,14.248,6.78,0.476,17.447,8.302,0.213,1
2022-09-07,trade,23.64,False,False,3,1694.944,0.942,1.131,11.26,5.35,0.475,11.954,5.68,0.212,2
2022-09-08,trade,7.19,True,False,1,1714.958,0.72,0.877,5.78,3.0,0.519,8.033,4.17,0.167,3
2022-09-09,trade,8.15,True,False,1,1718.644,0.815,0.988,10.013,9.51,0.95,12.283,11.666,0.147,4
2022-09-12,trade,7.04,False,False,2,1713.778,0.721,0.881,6.594,5.68,0.861,9.14,7.873,0.147,0
2022-09-13,trade,9.52,True,False,1,1722.114,0.952,1.158,6.85,3.06,0.447,7.198,3.215,0.212,1
2022-09-14,trade,8.99,True,False,1,1701.544,0.899,1.079,6.34,0.304,0.048,7.055,0.338,0.19,2
2022-09-15,skip,-212.1,False,False,7,1693.508,0.871,1.035,5.081,3.84,0.756,5.834,4.409,0.139,3
2022-09-16,trade,9.88,True,False,1,1663.628,0.988,1.174,6.426,1.114,0.173,6.504,1.127,0.221,4
2022-09-19,skip,-34.76,False,False,4,1671.488,1.116,1.301,11.802,6.68,0.566,10.572,5.984,0.215,0
2022-09-20,trade,8.48,True,False,1,1676.615,0.848,0.989,6.025,1.247,0.207,7.108,1.471,0.158,1
2022-09-21,skip,-29.77,False,False,4,1664.835,0.805,0.934,3.916,0.303,0.077,4.864,0.376,0.164,2
2022-09-22,skip,-22.71,False,False,2,1663.682,1.508,1.674,14.983,7.296,0.487,9.938,4.839,0.269,3
2022-09-23,trade,8.45,True,False,1,1670.438,0.845,0.927,6.553,0.7,0.107,7.753,0.828,0.166,4
2022-09-26,trade,12.55,True,False,1,1639.918,1.255,1.353,19.25,3.934,0.204,15.336,3.134,0.582,0
2022-09-27,trade,8.48,True,False,1,1630.358,0.848,0.917,7.003,3.113,0.445,8.255,3.669,0.213,1
2022-09-28,trade,9.9,True,False,1,1624.785,0.99,1.071,7.542,5.073,0.673,7.615,5.122,0.224,2
2022-09-29,trade,11.08,True,False,1,1653.365,1.108,1.18,6.88,4.043,0.588,6.211,3.65,0.272,3
2022-09-30,trade,10.95,True,False,1,1663.258,1.095,1.149,6.007,0.23,0.038,5.484,0.21,0.212,4
2022-10-03,trade,9.56,True,False,1,1663.378,0.956,1.001,6.007,1.08,0.18,6.281,1.129,0.174,0
2022-10-04,trade,8.58,True,False,1,1696.168,0.858,0.897,7.397,4.11,0.556,8.617,4.788,0.153,1
2022-10-05,trade,10.45,True,False,1,1719.698,1.045,1.086,7.896,5.34,0.676,7.555,5.109,0.215,2
2022-10-06,trade,29.88,True,False,2,1721.758,0.996,1.021,7.39,5.685,0.769,7.419,5.707,0.219,3
2022-10-07,trade,-5.43,False,False,1,1711.674,1.229,1.233,4.26,0.06,0.014,3.466,0.049,0.213,4
2022-10-10,skip,-76.42,False,False,6,1691.504,0.965,0.956,7.062,5.84,0.827,7.321,6.054,0.219,0
2022-10-11,trade,17.46,True,False,1,1665.278,1.746,1.665,12.23,3.5,0.286,7.004,2.004,0.292,1
2022-10-12,trade,10.11,True,False,1,1664.768,1.011,0.959,5.43,1.27,0.234,5.369,1.256,0.201,2
2022-10-13,trade,7.06,True,False,1,1669.808,0.706,0.675,5.825,3.68,0.632,8.246,5.209,0.136,3
2022-10-14,trade,10.81,True,False,1,1668.108,1.081,1.029,11.22,2.643,0.236,10.378,2.445,0.269,4
2022-10-17,trade,6.88,True,False,1,1650.255,0.688,0.669,7.45,4.947,0.664,10.827,7.19,0.153,0
2022-10-18,skip,-495.59,False,True,10,1649.307,0.978,0.944,4.64,1.111,0.239,4.745,1.136,0.167,1
2022-10-19,trade,7.55,True,False,1,1649.617,0.756,0.731,4.92,2.831,0.575,6.512,3.747,0.166,2
2022-10-20,trade,11.0,True,False,1,1626.308,1.1,1.086,6.95,1.63,0.235,6.319,1.482,0.229,3
2022-10-21,trade,7.14,True,False,1,1625.437,0.714,0.709,2.979,1.11,0.373,4.174,1.555,0.176,4
2022-10-24,trade,30.47,True,False,2,1655.487,1.016,1.021,19.02,3.541,0.186,18.726,3.486,0.206,0
2022-10-25,trade,33.31,False,False,3,1649.178,0.89,0.893,7.741,2.439,0.315,8.696,2.74,0.229,1
2022-10-26,trade,7.94,True,False,1,1656.097,0.794,0.805,6.76,3.869,0.572,8.515,4.873,0.177,2
2022-10-27,trade,9.67,True,False,1,1664.697,0.967,0.987,8.541,0.291,0.034,8.831,0.301,0.211,3
2022-10-28,trade,31.39,True,False,2,1665.148,1.046,1.071,6.5,3.02,0.465,6.212,2.886,0.187,4
2022-10-31,trade,-13.6,False,False,4,1641.267,0.892,0.916,4.76,2.75,0.578,5.336,3.083,0.164,0
2022-11-01,trade,9.47,True,False,1,1638.548,0.947,0.968,9.471,6.101,0.644,10.006,6.445,0.223,1
2022-11-02,trade,9.04,True,False,1,1651.717,0.904,0.93,6.04,5.1,0.844,6.685,5.644,0.174,2
2022-11-03,trade,8.98,True,False,1,1636.088,0.898,0.929,9.15,2.15,0.235,10.188,2.394,0.193,3
2022-11-04,skip,-478.43,False,True,10,1636.398,1.008,1.055,7.78,6.28,0.807,7.72,6.232,0.174,4
2022-11-07,trade,11.41,True,False,1,1672.338,1.141,1.184,9.909,1.989,0.201,8.681,1.742,0.22,0
2022-11-08,skip,-56.29,False,False,4,1673.117,0.829,0.902,4.601,1.18,0.256,5.552,1.424,0.176,1
2022-11-09,trade,68.33,True,False,3,1708.058,1.139,1.232,6.33,2.849,0.45,5.558,2.502,0.199,2
2022-11-10,trade,11.12,True,False,1,1708.568,1.112,1.177,5.11,2.021,0.395,4.594,1.817,0.199,3
2022-11-11,trade,12.71,True,False,1,1752.577,1.271,1.331,7.42,1.49,0.201,5.84,1.173,0.225,4
2022-11-14,trade,12.68,True,False,1,1762.978,1.268,1.289,5.849,2.939,0.502,4.613,2.318,0.258,0
2022-11-15,trade,10.27,True,False,1,1770.808,1.027,1.042,5.25,0.791,0.151,5.111,0.77,0.194,1
2022-11-16,skip,-79.54,False,False,5,1776.667,1.176,1.168,7.82,0.76,0.097,6.649,0.646,0.214,2
2022-11-17,skip,-88.88,False,False,4,1767.297,1.099,1.091,8.37,6.35,0.759,7.617,5.779,0.163,3
2022-11-18,trade,9.42,True,False,1,1762.577,0.942,0.925,5.191,2.439,0.47,5.511,2.589,0.164,4
2022-11-21,trade,9.35,False,False,3,1744.187,0.906,0.895,9.15,5.63,0.615,10.096,6.212,0.182,0
2022-11-22,trade,8.74,True,False,1,1743.187,0.874,0.863,7.641,5.299,0.693,8.745,6.065,0.16,1
2022-11-23,skip,-256.69,False,False,9,1741.498,0.866,0.852,3.94,2.141,0.543,4.552,2.474,0.137,2
2022-11-24,trade,7.6,True,False,1,1754.958,0.76,0.756,7.27,5.631,0.775,9.568,7.411,0.15,3
2022-11-25,trade,7.9,True,False,1,1758.508,0.79,0.796,7.061,3.71,0.525,8.936,4.695,0.165,4
2022-11-28,trade,10.42,True,False,1,1750.138,1.042,1.042,9.9,5.649,0.571,9.504,5.423,0.218,0
2022-11-29,skip,-367.52,False,False,10,1744.667,0.914,0.915,7.99,4.539,0.568,8.744,4.967,0.153,1
2022-11-30,trade,9.64,True,False,1,1753.128,0.964,0.963,6.49,3.721,0.573,6.729,3.858,0.157,2
2022-12-01,skip,-122.09,False,False,4,1773.317,1.363,1.331,12.141,4.699,0.387,8.904,3.446,0.185,3
2022-12-02,trade,9.05,True,False,1,1797.867,0.905,0.887,8.91,4.33,0.486,9.85,4.787,0.157,4
2022-12-05,trade,2.88,False,False,2,1806.737,1.17,1.146,13.921,10.8,0.776,11.898,9.23,0.219,0
2022-12-06,trade,70.56,True,False,3,1771.608,1.176,1.133,8.74,3.661,0.419,7.432,3.113,0.204,1
2022-12-07,skip,-20.92,False,False,3,1773.817,1.091,1.053,6.46,3.42,0.529,5.922,3.135,0.186,2
2022-12-08,trade,27.69,True,False,2,1781.768,0.923,0.899,6.62,4.95,0.748,7.172,5.363,0.2,3
2022-12-09,trade,28.59,True,False,2,1793.138,0.953,0.943,7.3,4.511,0.618,7.66,4.733,0.185,4
2022-12-12,trade,9.84,True,False,1,1788.167,0.984,0.987,9.879,7.52,0.761,10.044,7.646,0.157,0
2022-12-13,skip,-37.44,False,False,7,1785.625,0.639,0.654,5.777,5.248,0.908,9.044,8.216,0.11,1
2022-12-14,trade,7.67,True,False,1,1810.608,0.767,0.802,3.877,0.811,0.209,5.055,1.057,0.14,2
2022-12-15,trade,10.35,True,False,1,1793.815,1.035,1.086,15.14,12.782,0.844,14.628,12.35,0.206,3
2022-12-16,skip,-25.32,False,False,3,1781.785,1.088,1.133,8.57,5.438,0.635,7.876,4.998,0.176,4
2022-12-19,trade,28.48,True,False,2,1794.335,0.949,0.986,4.9,2.078,0.424,5.162,2.189,0.156,0
2022-12-20,trade,13.51,True,False,1,1787.435,1.351,1.37,3.493,0.518,0.148,2.585,0.383,0.174,1
2022-12-21,trade,-12.77,False,False,3,1816.335,0.927,0.937,4.08,1.562,0.383,4.401,1.685,0.162,2
2022-12-22,trade,9.46,True,False,1,1818.197,0.946,0.947,6.457,4.72,0.731,6.824,4.988,0.168,3
2022-12-23,trade,9.85,True,False,1,1792.835,0.985,0.977,4.377,0.407,0.093,4.444,0.413,0.17,4
2022-12-27,trade,-0.74,False,False,3,1806.215,0.698,0.704,6.558,6.168,0.941,9.4,8.841,0.157,1
2022-12-28,trade,9.58,True,False,1,1810.925,0.958,0.964,4.91,2.112,0.43,5.127,2.205,0.188,2
2022-12-29,trade,7.46,True,False,1,1807.625,0.746,0.759,5.711,4.128,0.723,7.658,5.536,0.145,3
2022-12-30,trade,7.27,True,False,1,1817.827,0.727,0.765,4.402,3.78,0.859,6.056,5.2,0.121,4
2023-01-03,trade,13.91,False,False,2,1838.225,1.812,1.819,16.578,11.388,0.687,9.151,6.286,0.295,1
2023-01-04,trade,9.4,True,False,1,1845.675,0.94,0.955,9.93,6.878,0.693,10.561,7.315,0.181,2
2023-01-05,skip,-53.94,False,False,6,1856.755,1.089,1.111,5.487,2.608,0.475,5.039,2.395,0.18,3
2023-01-06,trade,10.91,True,False,1,1838.278,1.091,1.113,10.203,8.236,0.807,9.354,7.551,0.159,4
2023-01-09,trade,-8.56,False,False,1,1879.068,1.257,1.261,14.858,11.531,0.776,11.818,9.172,0.232,0
2023-01-10,trade,-5.3,False,False,1,1872.715,1.15,1.142,8.17,2.208,0.27,7.104,1.92,0.193,1
2023-01-11,skip,-26.3,False,False,3,1874.905,0.907,0.904,6.477,1.792,0.277,7.144,1.977,0.172,2
2023-01-12,trade,11.06,True,False,1,1883.655,1.106,1.078,10.427,8.658,0.83,9.428,7.828,0.155,3
2023-01-13,trade,-15.05,False,False,2,1898.035,1.004,0.967,6.058,2.738,0.452,6.035,2.728,0.184,4
2023-01-16,skip,-100.47,False,False,4,1928.245,1.514,1.425,12.19,7.908,0.649,8.051,5.223,0.226,0
2023-01-17,trade,14.41,True,False,1,1910.555,1.441,1.335,9.54,4.282,0.449,6.618,2.971,0.241,1
2023-01-18,skip,-40.59,False,False,3,1904.015,1.727,1.544,9.78,3.562,0.364,5.663,2.063,0.385,2
2023-01-19,trade,10.06,True,False,1,1906.998,1.006,0.914,8.6,2.251,0.262,8.545,2.237,0.183,3
2023-01-20,skip,-174.69,False,False,7,1929.585,0.838,0.764,5.46,2.152,0.394,6.517,2.568,0.2,4
2023-01-23,trade,8.52,True,False,1,1931.767,0.852,0.78,11.837,5.639,0.476,13.9,6.622,0.151,0
2023-01-24,trade,8.06,True,False,1,1934.595,0.806,0.744,6.588,3.998,0.607,8.174,4.961,0.125,1
2023-01-25,skip,-201.61,False,False,7,1935.145,0.992,0.903,4.993,2.252,0.451,5.035,2.271,0.144,2
2023-01-26,trade,22.56,False,False,3,1945.135,0.891,0.814,6.67,1.562,0.234,7.485,1.753,0.149,3
2023-01-27,trade,28.16,True,False,2,1925.665,0.939,0.85,9.1,2.732,0.3,9.693,2.91,0.145,4
2023-01-30,trade,28.38,True,False,2,1926.277,0.946,0.848,6.29,0.831,0.132,6.65,0.879,0.202,0
2023-01-31,skip,-136.52,False,False,8,1925.368,0.779,0.733,6.3,3.161,0.502,8.085,4.057,0.155,1
2023-02-01,trade,56.45,False,False,4,1925.178,0.753,0.714,4.247,2.36,0.556,5.644,3.136,0.137,2
2023-02-02,trade,8.67,True,False,1,1952.165,0.866,0.831,6.951,1.777,0.256,8.022,2.051,0.185,3
2023-02-03,trade,8.18,True,False,1,1916.325,0.818,0.794,7.187,4.718,0.656,8.789,5.77,0.144,4
2023-02-06,skip,-75.27,False,False,4,1873.405,1.187,1.157,16.368,8.897,0.544,13.786,7.494,0.266,0
2023-02-07,trade,9.21,True,False,1,1874.315,0.922,0.908,8.408,7.378,0.877,9.124,8.007,0.162,1
2023-02-08,trade,8.91,True,False,1,1876.825,0.891,0.879,6.99,4.728,0.676,7.841,5.304,0.159,2
2023-02-09,trade,0.0,False,False,0,1879.135,0.912,0.908,8.387,4.408,0.526,9.197,4.834,0.167,3
2023-02-10,skip,-122.88,False,False,6,1859.915,1.075,1.067,6.42,1.722,0.268,5.973,1.602,0.207,4
2023-02-13,skip,-58.31,False,False,3,1861.455,1.058,1.074,7.133,2.462,0.345,6.741,2.327,0.183,0
2023-02-14,trade,8.72,True,False,1,1857.515,0.872,0.912,5.568,4.508,0.81,6.384,5.169,0.145,1
2023-02-15,trade,14.61,True,False,1,1852.025,1.461,1.549,9.063,1.992,0.22,6.204,1.364,0.215,2
2023-02-16,skip,-20.58,False,False,3,1842.125,0.827,0.885,8.1,6.528,0.806,9.795,7.894,0.199,3
2023-02-17,trade,14.96,False,False,4,1829.335,1.294,1.352,10.872,6.923,0.637,8.404,5.352,0.209,4
2023-02-20,trade,20.48,False,False,2,1842.235,0.956,0.994,5.93,1.828,0.308,6.203,1.912,0.186,0
2023-02-21,trade,-0.66,False,False,4,1841.345,0.993,1.022,3.83,0.041,0.011,3.855,0.041,0.174,1
2023-02-22,trade,9.26,True,False,1,1835.875,0.926,0.957,4.131,1.451,0.351,4.46,1.567,0.19,2
2023-02-23,trade,28.73,True,False,2,1829.575,0.958,0.986,6.75,4.421,0.655,7.048,4.616,0.158,3
2023-02-24,trade,27.8,True,False,2,1824.825,0.927,0.954,6.271,3.381,0.539,6.766,3.648,0.181,4
2023-02-27,trade,22.35,False,False,6,1811.675,0.772,0.802,4.041,0.917,0.227,5.233,1.188,0.122,0
2023-02-28,skip,-49.68,False,False,4,1817.688,0.868,0.898,4.023,1.054,0.262,4.633,1.214,0.122,1
2023-03-01,skip,-26.35,False,False,4,1827.625,0.837,0.861,6.487,1.521,0.234,7.755,1.818,0.174,2
2023-03-02,trade,9.59,True,False,1,1834.405,0.959,0.983,7.409,1.903,0.257,7.726,1.985,0.181,3
2023-03-03,trade,8.91,True,False,1,1838.515,0.891,0.909,6.031,2.861,0.474,6.772,3.212,0.177,4
2023-03-06,trade,44.58,False,False,3,1853.648,0.896,0.929,4.646,0.996,0.214,5.183,1.111,0.162,0
2023-03-07,trade,-8.88,False,False,3,1849.065,0.851,0.885,6.35,2.817,0.444,7.466,3.312,0.146,1
2023-03-08,trade,24.32,True,False,2,1810.905,0.811,0.847,3.78,2.063,0.546,4.662,2.544,0.16,2
2023-03-09,trade,7.74,True,False,1,1813.005,0.774,0.815,4.54,0.197,0.043,5.865,0.254,0.13,3
2023-03-10,trade,12.84,True,False,1,1829.375,1.284,1.337,6.791,1.059,0.156,5.287,0.825,0.208,4
2023-03-13,skip,-36.17,False,False,2,1886.748,2.316,2.263,17.17,2.97,0.173,7.413,1.282,0.299,0
2023-03-14,trade,33.51,True,False,2,1904.335,1.117,1.078,10.059,5.589,0.556,9.004,5.003,0.2,1
2023-03-15,skip,-27.59,False,False,3,1904.455,0.925,0.917,5.713,0.357,0.062,6.175,0.386,0.16,2
2023-03-16,trade,27.03,False,False,3,1911.335,1.16,1.131,16.83,8.729,0.519,14.509,7.525,0.33,3
2023-03-17,trade,12.85,True,False,1,1927.325,1.285,1.253,10.6,7.467,0.704,8.25,5.812,0.183,4
2023-03-20,trade,12.11,True,False,1,1974.778,1.211,1.167,11.46,2.426,0.212,9.463,2.003,0.241,0
2023-03-21,trade,9.73,True,False,1,1983.124,0.973,0.939,9.103,5.01,0.55,9.352,5.147,0.187,1
2023-03-22,trade,14.74,True,False,1,1939.385,1.474,1.385,7.567,1.459,0.193,5.133,0.99,0.208,2
2023-03-23,trade,13.24,True,False,1,1975.205,1.324,1.223,10.611,9.751,0.919,8.014,7.364,0.213,3
2023-03-24,trade,10.92,True,False,1,1991.578,1.092,1.001,5.13,0.156,0.03,4.697,0.143,0.178,4
2023-03-27,skip,-30.76,False,False,3,1976.765,1.148,1.034,6.59,3.141,0.477,5.741,2.737,0.213,0
2023-03-28,trade,9.59,True,False,1,1960.165,0.959,0.861,7.011,3.161,0.451,7.309,3.295,0.156,1
2023-03-29,trade,25.62,True,False,2,1968.285,0.854,0.766,6.88,4.449,0.647,8.057,5.21,0.147,2
2023-03-30,trade,8.87,True,False,1,1958.305,0.887,0.798,8.96,5.829,0.651,10.106,6.575,0.2,3
2023-03-31,trade,0.63,False,False,1,1981.565,0.963,0.863,5.98,2.617,0.438,6.212,2.718,0.178,4
2023-04-03,trade,14.54,True,False,1,1952.475,1.454,1.272,12.47,9.919,0.795,8.575,6.821,0.254,0
2023-04-04,trade,19.74,False,False,3,1980.705,0.944,0.822,7.71,3.093,0.401,8.167,3.276,0.168,1
2023-04-05,trade,9.64,False,False,2,2023.875,0.973,0.841,6.037,3.461,0.573,6.207,3.558,0.137,2
2023-04-06,trade,-15.65,False,False,2,2010.915,1.178,1.002,13.033,9.239,0.709,11.06,7.841,0.195,3
2023-04-10,trade,14.35,True,False,1,1991.025,1.435,1.212,17.077,14.359,0.841,11.904,10.009,0.231,0
2023-04-11,trade,13.21,True,False,1,1997.705,1.321,1.165,9.3,6.551,0.704,7.042,4.961,0.184,1
2023-04-12,skip,-70.16,False,False,3,2014.805,1.71,1.47,15.99,11.107,0.695,9.35,6.495,0.243,2
2023-04-13,trade,31.46,True,False,2,2017.745,1.049,0.897,4.807,2.811,0.585,4.584,2.681,0.198,3
2023-04-14,trade,31.41,True,False,2,2045.965,1.047,0.899,8.79,6.081,0.692,8.396,5.808,0.161,4
2023-04-17,trade,11.39,True,False,1,2003.945,1.139,0.984,10.903,2.897,0.266,9.577,2.545,0.26,0
2023-04-18,trade,11.36,True,False,1,2000.295,1.136,0.985,7.607,5.877,0.773,6.698,5.174,0.158,1
2023-04-19,trade,11.97,True,False,1,2004.085,1.197,1.028,6.191,1.233,0.199,5.172,1.03,0.206,2
2023-04-20,trade,12.68,True,False,1,1991.705,1.268,1.099,7.221,2.529,0.35,5.694,1.994,0.219,3
2023-04-21,trade,9.68,True,False,1,2002.925,0.968,0.852,5.15,1.563,0.303,5.319,1.614,0.164,4
2023-04-24,trade,7.44,False,False,1,1980.155,1.314,1.145,6.973,3.669,0.526,5.308,2.793,0.199,0
2023-04-25,trade,10.14,True,False,1,1994.595,1.014,0.889,9.3,2.187,0.235,9.168,2.156,0.212,1
2023-04-26,trade,-0.19,False,False,4,1998.465,1.194,1.036,6.817,1.051,0.154,5.709,0.88,0.191,2
2023-04-27,trade,14.22,True,False,1,1998.635,1.422,1.204,9.417,8.637,0.917,6.623,6.074,0.19,3
2023-04-28,trade,51.21,True,False,3,1990.405,0.853,0.724,6.57,3.807,0.579,7.698,4.46,0.209,4
2023-05-01,trade,26.39,True,False,2,1982.585,0.88,0.749,8.189,6.349,0.775,9.309,7.218,0.129,0
2023-05-02,trade,9.1,True,False,1,1982.675,0.91,0.793,4.52,0.181,0.04,4.965,0.199,0.144,1
2023-05-03,trade,60.06,True,False,4,2016.965,0.601,0.531,4.56,1.491,0.327,7.593,2.483,0.111,2
2023-05-04,trade,53.71,True,False,2,2043.445,1.79,1.528,18.68,13.009,0.696,10.434,7.266,0.321,3
2023-05-05,trade,11.46,True,False,1,2046.795,1.146,0.98,7.53,2.089,0.277,6.572,1.823,0.17,4
2023-05-08,skip,-49.87,False,False,4,2020.104,0.985,0.859,6.671,5.61,0.841,6.771,5.694,0.159,0
2023-05-09,trade,23.96,True,False,2,2023.755,0.799,0.712,5.091,1.721,0.338,6.375,2.155,0.126,1
2023-05-10,trade,8.04,True,False,1,2031.214,0.804,0.748,7.73,4.69,0.607,9.612,5.832,0.116,2
2023-05-11,trade,8.41,True,False,1,2032.094,0.841,0.79,5.621,1.39,0.247,6.68,1.652,0.146,3
2023-05-12,trade,12.16,True,False,1,2010.704,1.216,1.133,8.781,5.1,0.581,7.22,4.193,0.199,4
2023-05-15,trade,1.99,False,False,1,2013.404,0.899,0.847,10.149,2.5,0.246,11.287,2.78,0.179,0
2023-05-16,trade,8.78,True,False,1,2016.934,0.878,0.837,4.591,1.19,0.259,5.228,1.355,0.129,1
2023-05-17,trade,-4.16,False,False,2,1992.754,0.794,0.772,4.211,2.92,0.693,5.303,3.677,0.141,2
2023-05-18,skip,-144.98,False,False,7,1984.105,0.685,0.685,4.049,1.321,0.326,5.913,1.929,0.134,3
2023-05-19,trade,11.66,True,False,1,1962.745,1.166,1.155,9.3,4.371,0.47,7.976,3.749,0.19,4
2023-05-22,trade,12.4,True,False,1,1978.075,1.24,1.232,6.03,1.949,0.323,4.864,1.572,0.204,0
2023-05-23,trade,55.84,True,False,3,1963.675,0.931,0.929,11.52,7.429,0.645,12.378,7.982,0.229,1
2023-05-24,skip,-85.02,False,False,6,1973.155,0.847,0.86,4.483,3.573,0.797,5.295,4.221,0.14,2
2023-05-25,trade,8.97,True,False,1,1957.525,0.897,0.937,5.983,3.333,0.557,6.667,3.714,0.195,3
2023-05-26,trade,9.44,True,False,1,1945.855,0.944,0.981,12.12,3.811,0.314,12.838,4.037,0.159,4
2023-05-29,trade,1.05,False,False,1,1945.005,0.845,0.879,5.99,1.161,0.194,7.089,1.374,0.164,0
2023-05-30,skip,-233.5,False,False,8,1945.285,0.88,0.918,5.56,2.451,0.441,6.316,2.784,0.171,1
2023-05-31,skip,-52.25,False,False,3,1955.988,1.058,1.077,6.847,2.406,0.351,6.474,2.275,0.177,2
2023-06-01,trade,10.8,True,False,1,1964.345,1.08,1.141,5.41,1.833,0.339,5.008,1.697,0.187,3
2023-06-02,trade,54.69,True,False,3,1980.355,0.911,0.975,6.73,3.221,0.479,7.384,3.534,0.161,4
2023-06-05,trade,10.32,True,False,1,1944.795,1.032,1.101,5.89,3.993,0.678,5.705,3.868,0.164,0
2023-06-06,trade,12.01,True,False,1,1961.005,1.201,1.255,5.65,1.199,0.212,4.703,0.998,0.157,1
2023-06-07,trade,4.25,False,False,1,1964.455,0.876,0.911,4.09,0.951,0.233,4.67,1.086,0.145,2
2023-06-08,trade,8.8,True,False,1,1946.215,0.88,0.913,5.32,4.121,0.775,6.048,4.685,0.136,3
2023-06-09,trade,6.27,True,False,1,1964.115,0.627,0.672,3.067,1.773,0.578,4.892,2.828,0.129,4
2023-06-12,trade,6.68,True,False,1,1955.935,0.668,0.725,6.32,2.839,0.449,9.455,4.247,0.15,0
2023-06-13,trade,0.59,False,False,4,1958.935,0.758,0.827,4.97,0.807,0.162,6.557,1.065,0.145,1
2023-06-14,trade,6.22,True,False,1,1947.435,0.622,0.685,5.881,3.537,0.601,9.459,5.689,0.133,2
2023-06-15,trade,11.47,True,False,1,1935.078,1.147,1.232,12.95,8.77,0.677,11.295,7.649,0.207,3
2023-06-16,trade,32.18,True,False,2,1955.345,1.073,1.159,6.81,2.969,0.436,6.349,2.768,0.183,4
2023-06-19,trade,21.09,True,False,2,1955.385,0.703,0.782,4.423,2.509,0.567,6.292,3.569,0.137,0
2023-06-20,trade,12.01,True,False,1,1949.895,1.201,1.316,7.89,2.113,0.268,6.57,1.759,0.196,1
2023-06-21,trade,-0.12,False,False,1,1937.115,0.958,1.043,4.04,0.731,0.181,4.219,0.763,0.161,2
2023-06-22,trade,5.44,True,False,1,1933.174,0.544,0.604,3.461,0.22,0.064,6.367,0.405,0.112,3
2023-06-23,skip,-207.69,False,False,8,1910.365,0.799,0.894,5.89,3.149,0.535,7.375,3.943,0.14,4
2023-06-26,trade,34.11,True,False,2,1924.435,1.137,1.253,4.701,0.193,0.041,4.135,0.17,0.181,0
2023-06-27,trade,7.55,True,False,1,1928.735,0.755,0.837,9.43,4.277,0.454,12.491,5.665,0.143,1
2023-06-28,trade,23.05,True,False,2,1915.085,0.768,0.866,3.83,0.341,0.089,4.984,0.444,0.143,2
2023-06-29,trade,9.76,True,False,1,1904.495,0.976,1.107,8.72,5.213,0.598,8.934,5.341,0.141,3
2023-06-30,trade,8.31,True,False,1,1907.745,0.831,0.947,2.647,0.263,0.099,3.184,0.316,0.146,4
2023-07-03,skip,-156.89,False,False,8,1914.765,0.628,0.733,4.696,4.409,0.939,7.473,7.016,0.134,0
2023-07-04,skip,-60.03,False,False,6,1921.388,0.49,0.597,3.431,0.39,0.114,6.996,0.795,0.134,1
2023-07-05,trade,6.17,True,False,1,1924.615,0.617,0.763,3.93,1.383,0.352,6.369,2.241,0.109,2
2023-07-06,trade,6.66,False,False,2,1918.605,0.709,0.885,4.257,2.561,0.602,6.007,3.614,0.124,3
2023-07-07,trade,16.01,True,False,2,1910.755,0.534,0.671,2.84,0.009,0.003,5.32,0.017,0.097,4
2023-07-10,skip,-87.47,False,False,5,1924.878,0.681,0.855,4.11,1.046,0.255,6.033,1.535,0.158,0
2023-07-11,trade,7.57,True,False,1,1927.705,0.757,0.95,3.58,2.807,0.784,4.731,3.709,0.128,1
2023-07-12,trade,2.64,False,False,2,1939.914,0.954,1.173,8.127,6.73,0.828,8.52,7.055,0.142,2
2023-07-13,trade,8.44,True,False,1,1959.958,0.845,1.058,5.41,2.504,0.463,6.406,2.965,0.148,3
2023-07-14,trade,8.76,True,False,1,1961.485,0.876,1.112,5.337,1.751,0.328,6.09,1.998,0.132,4
2023-07-17,trade,47.61,True,False,3,1953.455,0.793,1.001,4.671,0.521,0.112,5.887,0.657,0.132,0
2023-07-18,trade,9.21,True,False,1,1958.895,0.921,1.182,4.88,4.111,0.842,5.3,4.465,0.153,1
2023-07-19,trade,7.68,True,False,1,1976.285,0.768,0.999,4.583,2.323,0.507,5.965,3.023,0.133,2
2023-07-20,trade,9.07,True,False,1,1986.425,0.907,1.152,9.71,9.18,0.945,10.707,10.123,0.167,3
2023-07-21,trade,7.92,True,False,1,1970.825,0.792,1.006,3.32,0.37,0.111,4.193,0.467,0.112,4
2023-07-24,trade,7.22,True,False,1,1960.545,0.722,0.942,3.54,1.199,0.339,4.905,1.661,0.15,0
2023-07-25,trade,7.82,True,False,1,1962.025,0.782,1.019,10.22,7.25,0.709,13.07,9.272,0.138,1
2023-07-26,trade,7.17,True,False,1,1963.935,0.717,0.937,4.0,0.46,0.115,5.579,0.642,0.12,2
2023-07-27,trade,-18.95,False,False,2,1979.065,1.028,1.34,10.99,5.77,0.525,10.687,5.611,0.151,3
2023-07-28,trade,26.49,True,False,2,1951.985,0.883,1.147,7.11,5.23,0.736,8.051,5.923,0.133,4
2023-07-31,trade,-14.31,False,False,3,1956.625,0.811,1.041,4.619,3.329,0.721,5.692,4.102,0.171,0
2023-08-01,trade,27.09,True,False,2,1960.435,0.903,1.129,6.68,5.04,0.754,7.399,5.582,0.119,1
2023-08-02,trade,9.07,True,False,1,1948.115,0.907,1.113,5.69,2.959,0.52,6.274,3.263,0.161,2
2023-08-03,trade,44.36,True,False,3,1936.165,0.739,0.906,3.74,0.05,0.013,5.058,0.068,0.117,3
2023-08-04,trade,8.96,True,False,1,1935.025,0.896,1.074,3.33,0.293,0.088,3.717,0.327,0.147,4
2023-08-07,trade,6.87,True,False,1,1940.685,0.687,0.824,5.2,2.859,0.55,7.564,4.159,0.122,0
2023-08-08,trade,7.59,True,False,1,1934.815,0.759,0.91,6.87,1.07,0.156,9.048,1.409,0.13,1
2023-08-09,trade,7.96,True,False,1,1929.555,0.796,0.963,6.48,4.7,0.725,8.139,5.903,0.129,2
2023-08-10,trade,37.35,True,False,3,1916.925,0.622,0.763,3.907,0.79,0.202,6.277,1.269,0.118,3
2023-08-11,trade,5.19,True,False,1,1914.685,0.519,0.65,5.191,2.247,0.433,10.006,4.331,0.102,4
2023-08-14,trade,19.71,True,False,2,1911.915,0.657,0.831,4.341,1.599,0.368,6.608,2.434,0.142,0
2023-08-15,trade,8.08,True,False,1,1906.005,0.808,1.029,4.55,1.38,0.303,5.63,1.708,0.188,1
2023-08-16,trade,20.1,True,False,2,1903.705,0.67,0.858,4.57,2.44,0.534,6.822,3.643,0.129,2
2023-08-17,trade,7.57,True,False,1,1893.568,0.757,0.98,4.67,0.617,0.132,6.168,0.815,0.149,3
2023-08-18,trade,22.04,True,False,2,1893.085,0.734,0.954,5.96,3.377,0.567,8.114,4.598,0.141,4
2023-08-21,trade,30.0,True,False,2,1892.825,1.0,1.276,8.24,2.697,0.327,8.24,2.697,0.135,0
2023-08-22,trade,45.78,True,False,3,1894.355,0.763,0.974,3.61,0.503,0.139,4.732,0.659,0.152,1
2023-08-23,trade,6.7,True,False,1,1900.895,0.67,0.858,5.337,3.15,0.59,7.966,4.701,0.109,2
2023-08-24,trade,-0.77,False,False,3,1919.795,0.792,1.03,4.66,2.937,0.63,5.883,3.708,0.113,3
2023-08-25,trade,6.33,True,False,1,1914.678,0.633,0.837,3.21,2.067,0.644,5.072,3.266,0.1,4
2023-08-28,trade,16.39,True,False,2,1915.435,0.546,0.735,3.22,0.69,0.214,5.893,1.263,0.111,0
2023-08-29,trade,5.43,True,False,1,1923.778,0.543,0.749,3.337,3.173,0.951,6.147,5.845,0.088,1
2023-08-30,trade,5.99,True,False,1,1936.645,0.599,0.844,2.197,0.383,0.174,3.669,0.64,0.098,2
2023-08-31,trade,17.33,True,False,2,1945.905,0.578,0.823,4.0,1.46,0.365,6.925,2.528,0.088,3
2023-09-01,trade,5.13,True,False,1,1940.358,0.513,0.752,5.38,0.453,0.084,10.49,0.883,0.103,4
2023-09-04,trade,10.8,False,False,2,1945.635,0.631,0.929,6.66,6.257,0.939,10.548,9.909,0.112,0
2023-09-05,trade,6.67,True,False,1,1936.925,0.667,0.988,3.75,1.03,0.275,5.625,1.545,0.13,1
2023-09-06,trade,-4.35,False,False,1,1926.245,0.576,0.867,2.737,0.02,0.007,4.756,0.035,0.099,2
2023-09-07,trade,5.89,True,False,1,1919.675,0.589,0.889,3.547,2.2,0.62,6.026,3.738,0.101,3
2023-09-08,trade,-8.39,False,False,2,1925.885,0.681,1.015,7.59,6.34,0.835,11.154,9.317,0.12,4
2023-09-11,skip,-102.9,False,False,6,1922.518,0.683,1.018,7.471,4.453,0.596,10.932,6.516,0.115,0
2023-09-12,trade,6.58,True,False,1,1922.825,0.658,0.991,3.18,0.481,0.151,4.833,0.731,0.113,1
2023-09-13,trade,5.91,True,False,1,1908.935,0.591,0.896,5.007,4.393,0.877,8.469,7.43,0.11,2
2023-09-14,trade,7.33,True,False,1,1909.895,0.733,1.112,5.4,1.19,0.22,7.368,1.624,0.127,3
2023-09-15,trade,5.35,True,False,1,1915.438,0.535,0.824,6.19,5.23,0.845,11.57,9.776,0.12,4
2023-09-18,trade,18.86,True,False,2,1927.955,0.629,0.997,6.267,4.45,0.71,9.967,7.077,0.119,0
2023-09-19,skip,-24.92,False,False,4,1932.775,0.37,0.605,2.91,0.7,0.241,7.874,1.894,0.081,1
2023-09-20,trade,4.71,True,False,1,1930.615,0.471,0.785,3.29,1.06,0.322,6.979,2.248,0.103,2
2023-09-21,trade,8.67,False,False,3,1926.615,0.575,0.974,6.9,4.37,0.633,12.01,7.607,0.12,3
2023-09-22,trade,5.7,True,False,1,1923.835,0.57,0.971,5.48,3.88,0.708,9.621,6.812,0.103,4
2023-09-25,trade,4.04,True,False,1,1923.645,0.404,0.697,3.063,1.96,0.64,7.576,4.848,0.088,0
2023-09-26,trade,5.16,True,False,1,1913.485,0.517,0.893,3.5,2.95,0.843,6.776,5.712,0.081,1
2023-09-27,trade,5.03,True,False,1,1900.755,0.503,0.877,4.14,0.03,0.007,8.228,0.06,0.115,2
2023-09-28,trade,5.5,True,False,1,1874.695,0.55,0.961,4.35,2.123,0.488,7.912,3.862,0.11,3
2023-09-29,trade,35.23,True,False,3,1864.815,0.587,1.02,3.53,0.68,0.193,6.012,1.158,0.102,4
2023-10-02,trade,6.25,True,False,1,1843.935,0.625,1.086,6.05,2.34,0.387,9.679,3.744,0.119,0
2023-10-03,skip,-23.24,False,False,3,1817.335,1.218,2.019,12.773,10.643,0.833,10.49,8.741,0.198,1
2023-10-04,trade,8.83,True,False,1,1820.685,0.883,1.427,5.04,1.75,0.347,5.71,1.983,0.174,2
2023-10-05,trade,10.05,False,False,6,1826.005,0.508,0.827,6.7,3.82,0.57,13.193,7.522,0.105,3
2023-10-06,trade,5.01,True,False,1,1823.775,0.501,0.828,4.34,2.78,0.641,8.659,5.547,0.123,4
2023-10-09,trade,9.96,True,False,1,1850.405,0.996,1.604,6.617,0.727,0.11,6.643,0.73,0.187,0
2023-10-10,trade,7.01,True,False,1,1862.885,0.701,1.125,5.12,1.65,0.322,7.302,2.353,0.141,1
2023-10-11,trade,-15.6,False,False,3,1861.355,0.615,0.985,2.667,1.74,0.652,4.337,2.829,0.107,2
2023-10-12,trade,9.26,True,False,1,1876.705,0.926,1.46,4.32,2.23,0.516,4.668,2.41,0.139,3
2023-10-13,trade,4.84,True,False,1,1873.295,0.484,0.766,3.923,3.75,0.956,8.113,7.755,0.109,4
2023-10-16,trade,25.51,True,False,2,1920.285,0.85,1.323,7.83,3.999,0.511,9.209,4.704,0.147,0
2023-10-17,trade,27.69,True,False,2,1914.695,0.923,1.377,9.41,3.99,0.424,10.197,4.324,0.157,1
2023-10-18,trade,14.56,True,False,1,1937.145,1.456,2.023,18.967,12.417,0.655,13.031,8.531,0.347,2
2023-10-19,trade,8.97,True,False,1,1949.525,0.897,1.219,7.01,0.03,0.004,7.818,0.033,0.159,3
2023-10-20,trade,-2.92,False,False,2,1979.338,1.391,1.792,10.3,6.963,0.676,7.402,5.004,0.229,4
2023-10-23,trade,14.98,True,False,1,1972.535,1.498,1.801,13.81,3.6,0.261,9.221,2.404,0.249,0
2023-10-24,trade,12.24,True,False,1,1977.575,1.224,1.412,9.45,4.73,0.501,7.723,3.866,0.177,1
2023-10-25,trade,10.17,True,False,1,1972.595,1.017,1.14,6.7,2.25,0.336,6.587,2.212,0.164,2
2023-10-26,trade,9.43,True,False,1,1984.778,0.943,1.034,5.38,2.863,0.532,5.706,3.036,0.181,3
2023-10-27,trade,10.8,True,False,1,1986.495,1.08,1.153,5.95,1.297,0.218,5.508,1.201,0.161,4
2023-10-30,trade,8.18,True,False,1,2002.775,0.818,0.864,6.22,1.59,0.256,7.605,1.944,0.128,0
2023-10-31,trade,6.41,True,False,1,1994.355,0.641,0.698,3.29,0.58,0.176,5.135,0.905,0.131,1
2023-11-01,trade,56.06,True,False,3,1978.245,0.934,1.015,7.24,6.39,0.883,7.749,6.839,0.145,2
2023-11-02,trade,7.24,True,False,1,1983.675,0.724,0.778,4.773,0.02,0.004,6.593,0.028,0.125,3
2023-11-03,trade,-7.72,False,False,2,1987.275,0.763,0.808,4.62,2.52,0.545,6.057,3.304,0.111,4
2023-11-06,trade,8.93,True,False,1,1987.005,0.893,0.951,6.23,4.693,0.753,6.976,5.255,0.139,0
2023-11-07,trade,7.65,True,False,1,1972.715,0.765,0.812,5.46,4.483,0.821,7.139,5.861,0.122,1
2023-11-08,trade,1.05,False,False,1,1968.535,0.915,0.956,3.8,0.267,0.07,4.154,0.292,0.119,2
2023-11-09,trade,22.86,False,False,2,1949.925,1.082,1.122,5.66,0.967,0.171,5.23,0.894,0.147,3
2023-11-10,trade,25.24,True,False,2,1958.195,0.841,0.856,4.33,0.097,0.022,5.146,0.115,0.145,4
2023-11-13,trade,17.91,False,False,4,1937.485,0.887,0.901,7.903,0.68,0.086,8.908,0.767,0.146,0
2023-11-14,trade,8.33,True,False,1,1945.535,0.833,0.85,3.943,0.033,0.008,4.731,0.04,0.127,1
2023-11-15,skip,-24.06,False,False,4,1964.365,0.811,0.856,3.01,2.271,0.754,3.71,2.799,0.133,2
2023-11-16,trade,9.95,True,False,1,1960.675,0.995,1.045,4.94,1.567,0.317,4.962,1.574,0.162,3
2023-11-17,trade,23.85,True,False,2,1985.265,0.795,0.861,6.75,5.03,0.745,8.491,6.327,0.143,4
2023-11-20,trade,37.66,True,False,2,1982.735,1.255,1.378,11.82,5.037,0.426,9.416,4.013,0.188,0
2023-11-21,trade,12.12,False,False,2,1990.565,1.244,1.364,14.997,12.917,0.861,12.057,10.385,0.205,1
2023-11-22,trade,8.26,True,False,1,1996.584,0.826,0.915,4.437,2.014,0.454,5.374,2.439,0.154,2
2023-11-23,trade,7.7,True,False,1,1994.255,0.77,0.862,6.51,5.84,0.897,8.455,7.584,0.134,3
2023-11-24,trade,8.73,True,False,1,1992.125,0.873,0.989,3.517,0.427,0.121,4.028,0.489,0.134,4
2023-11-27,trade,71.55,True,False,3,2011.255,1.192,1.322,17.687,10.26,0.58,14.833,8.604,0.428,0
2023-11-28,trade,10.57,True,False,1,2015.175,1.057,1.145,5.09,1.98,0.389,4.815,1.873,0.183,1
2023-11-29,trade,49.96,False,False,3,2046.804,1.147,1.229,11.525,5.929,0.514,10.046,5.168,0.19,2
2023-11-30,trade,9.26,True,False,1,2045.875,0.926,0.981,4.24,0.79,0.186,4.581,0.853,0.139,3
2023-12-01,trade,60.36,True,False,4,2040.145,0.604,0.645,7.24,3.927,0.542,11.995,6.506,0.109,4
2023-12-04,trade,12.11,False,False,3,2088.025,1.812,1.846,73.531,15.5,0.211,40.583,8.555,0.359,0
2023-12-05,trade,63.98,True,False,3,2034.665,1.066,1.07,12.76,5.511,0.432,11.966,5.168,0.203,1
2023-12-06,trade,52.2,True,False,3,2021.155,0.87,0.875,5.447,2.58,0.474,6.26,2.965,0.155,2
2023-12-07,skip,-24.09,False,False,3,2028.875,0.989,0.999,4.78,3.33,0.697,4.835,3.368,0.166,3
2023-12-08,trade,21.07,True,False,2,2032.405,0.702,0.715,6.743,4.377,0.649,9.602,6.233,0.156,4
2023-12-11,trade,11.78,True,False,1,1998.004,1.177,1.181,11.231,4.79,0.426,9.538,4.068,0.172,0
2023-12-12,skip,-71.5,False,False,5,1982.205,0.79,0.794,7.811,0.25,0.032,9.887,0.316,0.128,1
2023-12-13,trade,22.43,True,False,2,1979.335,0.748,0.754,4.861,0.319,0.066,6.501,0.427,0.112,2
2023-12-14,trade,12.53,True,False,1,2032.625,1.253,1.247,15.38,6.68,0.434,12.276,5.332,0.272,3
2023-12-15,trade,11.61,True,False,1,2035.965,1.161,1.135,7.39,0.39,0.053,6.365,0.336,0.156,4
2023-12-18,trade,31.61,True,False,2,2021.785,1.054,1.04,7.38,2.887,0.391,7.005,2.74,0.168,0
2023-12-19,trade,9.99,True,False,1,2024.465,0.999,0.998,6.2,2.363,0.381,6.209,2.366,0.141,1
2023-12-20,trade,8.47,True,False,1,2039.895,0.847,0.845,4.93,0.347,0.07,5.823,0.41,0.126,2
2023-12-21,trade,8.37,True,False,1,2036.798,0.837,0.833,5.89,5.1,0.866,7.033,6.09,0.135,3
2023-12-22,trade,10.97,True,False,1,2050.035,1.097,1.079,8.267,1.621,0.196,7.536,1.478,0.177,4
2023-12-26,trade,9.39,True,False,1,2064.685,0.939,0.936,12.13,11.66,0.961,12.917,12.417,0.135,1
2023-12-27,trade,7.59,True,False,1,2065.265,0.759,0.768,4.523,2.023,0.447,5.96,2.666,0.12,2
2023-12-28,trade,-1.18,False,False,1,2087.815,1.172,1.184,11.551,11.011,0.953,9.855,9.394,0.198,3
2023-12-29,trade,9.92,True,False,1,2068.525,0.992,0.998,5.61,2.827,0.504,5.658,2.851,0.134,4
